term,term_id
abound,1
encount,2
substanti,3
venic,4
rice,5
difficult,6
definit,7
aristocraci,8
territori,9
bid,10
grouper,11
sukiyaki,12
dominican,13
savio,14
vault,15
extern,16
schlosswirt,17
daniel,18
assisi,19
burrata,20
raspberri,21
sio,22
vigiliu,23
naturalment,24
bigoli,25
visual,26
trabalzini,27
spellbound,28
intent,29
masterli,30
imprezios,31
trotter,32
master,33
treasur,34
cortina,35
territorio,36
berton,37
macellaria,38
joyou,39
parisian,40
sand,41
flavio,42
liquid,43
moirago,44
ceram,45
groan,46
bottoni,47
plate,48
differ,49
bressan,50
deal,51
cannelloni,52
possibl,53
salon,54
groceri,55
artichok,56
sixti,57
offanengo,58
pear,59
mother,60
martino,61
guesthous,62
decidedli,63
robiola,64
late,65
teresa,66
campsit,67
elev,68
citru,69
fig,70
depict,71
natalini,72
1911,73
acid,74
vecchio,75
bordeaux,76
yuyo,77
fino,78
sangro,79
sweep,80
milon,81
lionetti,82
ercol,83
encourag,84
napl,85
flexibl,86
fashion,87
sibl,88
bit,89
ricomincio,90
eliseo,91
bentivoglio,92
lot,93
interpret,94
roma,95
forti,96
eala,97
serena,98
sat,99
grana,100
saganaki,101
nostri,102
nzelhof,103
1602,104
mano,105
lesser,106
puglia,107
mussel,108
ferreri,109
vegan,110
gem,111
consolid,112
feminin,113
carrot,114
durnwald,115
respect,116
zippl,117
elsa,118
passi,119
queen,120
concept,121
crusko,122
onlin,123
proven,124
odyssey,125
abbey,126
andrea,127
relai,128
ceil,129
cartosio,130
sinuou,131
bulwark,132
want,133
ricci,134
narducci,135
affogato,136
monosilio,137
museo,138
convinc,139
mio,140
cum,141
hewn,142
biohotel,143
chieppa,144
cheesecak,145
sicilia,146
updat,147
cima,148
advic,149
aqua,150
rocchetti,151
pucia,152
class,153
sereno,154
mayo,155
campo,156
benaco,157
charcoal,158
compromis,159
swim,160
tipico,161
cocoa,162
brodo,163
gastrofluvi,164
su,165
rind,166
dalla,167
massimiliano,168
montoro,169
cuttaia,170
apricena,171
ragout,172
messina,173
ingiulla,174
slice,175
oldani,176
corniola,177
south,178
murgia,179
trapani,180
joia,181
garibaldi,182
litr,183
portofino,184
return,185
calderino,186
apprentic,187
vet,188
ricordi,189
alserio,190
gli,191
vesta,192
unpretenti,193
dozen,194
monkfish,195
manzoni,196
stove,197
stl,198
design,199
roof,200
hut,201
ottog,202
pirandello,203
artistri,204
merlot,205
palamita,206
lapland,207
honour,208
tuma,209
ancestor,210
cost,211
sculptor,212
exterior,213
canella,214
bonu,215
beata,216
inform,217
hard,218
coda,219
world,220
demonstr,221
zhou,222
artisti,223
urban,224
adami,225
recip,226
riccio,227
cilento,228
main,229
lori,230
aspect,231
consequ,232
disappoint,233
monument,234
exhaust,235
haut,236
look,237
marcelli,238
pergola,239
bright,240
justli,241
1442,242
wish,243
strength,244
martin,245
falanghina,246
pay,247
hummu,248
unmiss,249
wrong,250
resid,251
rack,252
cotton,253
movi,254
liveli,255
ula,256
slop,257
kitchen,258
venosta,259
viaggio,260
elvira,261
temperini,262
insist,263
honor,264
vintag,265
marra,266
ultra,267
caught,268
gian,269
elich,270
praianes,271
andr,272
vieni,273
bill,274
provolon,275
outset,276
giarr,277
salvo,278
prototyp,279
fix,280
own,281
took,282
tablecloth,283
longest,284
utini,285
piz,286
nicknam,287
meatbal,288
chioggia,289
stucco,290
valsassina,291
shadi,292
occas,293
latemar,294
cassinetta,295
beach,296
baglio,297
orto,298
teramo,299
sky,300
visconti,301
refresh,302
spread,303
flake,304
salesman,305
lucki,306
vietres,307
effortlessli,308
baia,309
twelv,310
prebugiun,311
plateau,312
record,313
swordfish,314
crudo,315
milan,316
stanzion,317
zelo,318
lucchesi,319
laid,320
karl,321
classico,322
serina,323
intramontabili,324
notch,325
mutual,326
last,327
moscato,328
pedestrian,329
broken,330
annarita,331
costa,332
filanda,333
supervis,334
canderli,335
caff,336
otto,337
amor,338
enzo,339
farmer,340
hoc,341
reconnect,342
nazioni,343
planet,344
splendid,345
baiocco,346
frog,347
brick,348
keep,349
tuck,350
rizzo,351
ovo,352
bonfadini,353
barbato,354
elisabetta,355
prosper,356
hazama,357
michelin,358
acquaint,359
veal,360
neck,361
feel,362
frescada,363
medici,364
charact,365
aioli,366
minimi,367
elderberri,368
lamp,369
gucci,370
lefay,371
bean,372
carropont,373
trifl,374
coastal,375
amo,376
underlin,377
manicon,378
verbena,379
layout,380
bun,381
dice,382
palladiana,383
dori,384
ten,385
bel,386
taco,387
unchang,388
mandra,389
restuar,390
capon,391
maschio,392
nowaday,393
addict,394
especi,395
let,396
david,397
accept,398
zannon,399
attilio,400
gerli,401
escarol,402
noodl,403
ernesto,404
devetak,405
pantesco,406
lighten,407
piccola,408
aosta,409
riscon,410
parmesan,411
guangzhou,412
repres,413
emphasi,414
pink,415
residenti,416
imbu,417
millefogli,418
e,419
vallicella,420
risultato,421
moment,422
lillaz,423
charmingli,424
cavales,425
sooth,426
piedmont,427
firma,428
leopardi,429
drive,430
macerata,431
grandeur,432
gambino,433
15c,434
slowli,435
ciambella,436
goggi,437
highli,438
full,439
cozzetto,440
150m,441
cavi,442
stresa,443
perla,444
christoph,445
capannori,446
asou,447
stafler,448
steak,449
saint,450
nervi,451
ugo,452
sens,453
tyroles,454
marci,455
suzzara,456
cardelli,457
stroll,458
lend,459
quiet,460
everyon,461
tomei,462
adig,463
besid,464
shave,465
calvisano,466
kelp,467
misto,468
exact,469
magic,470
pigna,471
pace,472
panissa,473
inn,474
brindo,475
montanari,476
neat,477
vedel,478
platform,479
cherasco,480
1880,481
balbianello,482
counter,483
escap,484
weak,485
certainli,486
propriet,487
exclud,488
orvieto,489
brainchild,490
plessi,491
mondello,492
argentina,493
unusu,494
sposito,495
plan,496
crippa,497
bouillabaiss,498
vero,499
spaniard,500
souffl,501
sandra,502
kursaal,503
apreda,504
softer,505
531,506
1966,507
multicultur,508
cortil,509
somewhat,510
frame,511
goe,512
tray,513
andreina,514
layer,515
lillybet,516
cervinia,517
bianca,518
betancourt,519
94,520
1992,521
chickpea,522
par,523
fragsburg,524
discreetli,525
merlo,526
vespasia,527
club,528
achiev,529
chardonnay,530
stud,531
ambiental,532
game,533
rediscov,534
amberjack,535
byron,536
appetit,537
risotto,538
scorzonera,539
signal,540
bluefin,541
inclement,542
carlotta,543
matilda,544
molo,545
tortellini,546
sharp,547
rolli,548
dobbiaco,549
norma,550
chignola,551
filia,552
beneath,553
macer,554
come,555
whim,556
colomb,557
courtesi,558
gi,559
tenerina,560
seminari,561
person,562
solaika,563
fresh,564
fame,565
carpet,566
pizzaiola,567
dwell,568
myrtleberri,569
edg,570
tapa,571
formula,572
linguaglossa,573
evolv,574
gnocchetti,575
roe,576
legendari,577
antonia,578
credenti,579
ever,580
paulo,581
tumin,582
marin,583
posto,584
photographi,585
passard,586
begin,587
va,588
cooler,589
overli,590
alkerm,591
aloi,592
approach,593
zito,594
mix,595
pedestrianis,596
truffl,597
metullio,598
rgi,599
tagliatel,600
coccia,601
jar,602
panna,603
gualtiero,604
fiorentinaopt,605
billia,606
adapt,607
garlic,608
ribey,609
riflesso,610
strawberri,611
ateli,612
retain,613
lambrusco,614
aisl,615
carv,616
reinforc,617
fagon,618
bottl,619
30,620
heritag,621
henc,622
assort,623
prioritis,624
forgotten,625
ps,626
apostolo,627
craftsmanship,628
crystal,629
vecio,630
bonito,631
song,632
porceddu,633
zillo,634
romito,635
wheel,636
savoia,637
fondazion,638
adult,639
maezza,640
cerami,641
sangiovesi,642
extravag,643
marmo,644
larin,645
skimp,646
gnocchi,647
foundat,648
ennio,649
michel,650
everyth,651
sassicaia,652
infin,653
borromeo,654
trade,655
colosseum,656
around,657
177,658
ciasa,659
fusillon,660
intorcia,661
orsola,662
sashimi,663
ne,664
sch,665
professor,666
snack,667
metro,668
pass,669
erbett,670
preziosa,671
worth,672
martella,673
littl,674
psych,675
picturesqu,676
campigotto,677
lush,678
alessandrina,679
progress,680
guardroom,681
iron,682
patrignano,683
model,684
invit,685
personalis,686
gorgonzola,687
set,688
monach,689
isola,690
cerver,691
matter,692
dello,693
organis,694
b,695
four,696
improvis,697
prepar,698
bravo,699
vill,700
ramata,701
tunnel,702
commun,703
corso,704
mandatori,705
annurca,706
korean,707
muffl,708
sant,709
re,710
castraur,711
capabl,712
ice,713
costanzo,714
valtellino,715
praiano,716
arcinazzo,717
pupil,718
earthi,719
eleonora,720
gragnano,721
euro,722
coll,723
dant,724
nostra,725
spring,726
spaghetto,727
anghiari,728
alessio,729
baronetto,730
700,731
corfu,732
baumgartn,733
typifi,734
arezzo,735
bouchard,736
variou,737
caribbean,738
particular,739
orobica,740
patricia,741
recur,742
gimignano,743
larger,744
giulio,745
7,746
therasia,747
salama,748
non,749
food,750
zanasi,751
deco,752
whet,753
strait,754
catfish,755
soundtrack,756
iberian,757
indini,758
latest,759
nt,760
lace,761
walnut,762
accanto,763
consorzio,764
renato,765
juke,766
lime,767
ellipt,768
pale,769
chatgpt,770
canapino,771
pescator,772
modernis,773
sapori,774
ami,775
shoulder,776
anch,777
vitello,778
tivoli,779
prior,780
falzarego,781
50m,782
studi,783
capelli,784
tile,785
zhejiang,786
quasi,787
breed,788
angelina,789
extraordinari,790
bite,791
leoni,792
tiberio,793
capitano,794
de,795
neo,796
time,797
creation,798
torsiello,799
studio,800
sara,801
banish,802
sourc,803
alley,804
bird,805
benefit,806
tenuta,807
sugihara,808
flee,809
bolsena,810
flere,811
nondescript,812
maremmani,813
stilt,814
150th,815
scarallo,816
erborinato,817
malp,818
librari,819
nuova,820
baracchi,821
tricesimo,822
1952,823
neutral,824
mazzini,825
lumen,826
carpigiani,827
skier,828
instinct,829
tooth,830
cereal,831
susci,832
rome,833
portes,834
wagyubeef,835
radici,836
accademia,837
galileo,838
slide,839
cast,840
toast,841
wider,842
louis,843
spanish,844
chanc,845
lippi,846
plung,847
encompass,848
pare,849
giusepp,850
metronom,851
me,852
soften,853
bufi,854
infanzia,855
toritto,856
gather,857
discoveri,858
sine,859
casual,860
daili,861
suggestioni,862
travertin,863
mattia,864
cegli,865
bake,866
poppi,867
occhiovivo,868
cagli,869
fasolato,870
acaja,871
bislacco,872
magro,873
mani,874
pappa,875
perticara,876
much,877
costum,878
illumin,879
input,880
campidano,881
cevich,882
crostino,883
dess,884
beetroot,885
roero,886
caraf,887
adept,888
belltow,889
toro,890
snowsho,891
assist,892
maccheroni,893
bacari,894
occasion,895
origini,896
hint,897
enough,898
michelangelo,899
lose,900
warrior,901
pizzetta,902
pine,903
instagram,904
crapiata,905
burratina,906
eccentr,907
statu,908
august,909
jewel,910
pescatori,911
robuchon,912
neighbour,913
trinit,914
promot,915
modena,916
style,917
smile,918
disguis,919
dsquared2,920
tuscani,921
natali,922
bowerman,923
benso,924
get,925
pete,926
luigi,927
assunta,928
lanzellotti,929
prophet,930
esplanad,931
1938,932
octopu,933
girtler,934
wear,935
fasan,936
basqu,937
alway,938
bain,939
cherri,940
rehabilit,941
padova,942
sasso,943
cavour,944
passignano,945
mollica,946
son,947
galleri,948
wing,949
pressati,950
latter,951
2014,952
pantheon,953
antonino,954
popular,955
bob,956
spoleto,957
hosomaki,958
boer,959
prais,960
celeriac,961
nel,962
sri,963
doubl,964
1900,965
vision,966
suit,967
vigezzo,968
unrival,969
cohes,970
dolomieu,971
bachelor,972
liguria,973
corrado,974
malatesta,975
abund,976
cloud,977
florentin,978
pescocostanzo,979
monterosso,980
castelfranco,981
pub,982
orchestra,983
lucera,984
brickwork,985
fefa,986
landmark,987
trip,988
lagoon,989
dire,990
fausto,991
cabinet,992
baba,993
textil,994
albeit,995
fascin,996
casoncelli,997
holiday,998
sfoglin,999
alpeggio,1000
oliva,1001
length,1002
2004,1003
mescafrancesca,1004
televis,1005
solid,1006
navelli,1007
charg,1008
tone,1009
purpl,1010
saporium,1011
histori,1012
carrello,1013
formichella,1014
moulard,1015
predilect,1016
gigant,1017
colombano,1018
rivoli,1019
pavement,1020
montebor,1021
nun,1022
vietri,1023
entrepreneur,1024
dio,1025
revel,1026
mazzara,1027
workmanship,1028
lower,1029
berruti,1030
imag,1031
bacaro,1032
ri,1033
18ha,1034
buff,1035
driver,1036
1954,1037
rocco,1038
relic,1039
semifreddo,1040
diffuso,1041
pizza,1042
beyond,1043
slight,1044
offida,1045
bishop,1046
pronounc,1047
cramp,1048
fumiko,1049
reappear,1050
parsley,1051
anchovi,1052
unexpectedli,1053
suppli,1054
soya,1055
except,1056
done,1057
forc,1058
team,1059
triangl,1060
70,1061
hostelri,1062
zarri,1063
imperator,1064
cardoon,1065
galleon,1066
volterra,1067
ground,1068
seduc,1069
winter,1070
carignano,1071
seri,1072
fountain,1073
gioconda,1074
castel,1075
mpustarella,1076
grandmoth,1077
blu,1078
bringoli,1079
deck,1080
chicori,1081
tonic,1082
familiar,1083
agerola,1084
blend,1085
poggio,1086
open,1087
abbrevi,1088
tenaci,1089
byblo,1090
all,1091
metalwork,1092
preced,1093
pintadera,1094
roman,1095
carricant,1096
avocado,1097
usual,1098
uza,1099
import,1100
ragu,1101
caciocavallo,1102
1300,1103
sensazioni,1104
castelli,1105
frill,1106
bakeri,1107
chard,1108
onward,1109
castello,1110
lifestyl,1111
mount,1112
olbia,1113
giardiniera,1114
hip,1115
catalogu,1116
mirin,1117
announc,1118
calabrian,1119
sliver,1120
cipriani,1121
maltagliati,1122
marmot,1123
varieti,1124
milano,1125
boccondivino,1126
monferrato,1127
sinc,1128
conchiglioni,1129
fragrant,1130
morsetti,1131
rampina,1132
cerreta,1133
spider,1134
montefeltro,1135
calf,1136
stracciatella,1137
platter,1138
baldassarr,1139
satnav,1140
erminio,1141
asti,1142
trastever,1143
rel,1144
japanes,1145
suspend,1146
trafoier,1147
n,1148
josta,1149
15km,1150
salinari,1151
gianfranco,1152
comacina,1153
although,1154
common,1155
simpli,1156
mincio,1157
andora,1158
medium,1159
nativ,1160
augusta,1161
12c,1162
bygon,1163
laden,1164
mamma,1165
maiella,1166
spell,1167
picagg,1168
paves,1169
beaten,1170
taggiasca,1171
remind,1172
arborina,1173
exactli,1174
anise,1175
firmli,1176
tenet,1177
parquet,1178
belgian,1179
rivoluzion,1180
slope,1181
roofbeam,1182
pinzolo,1183
p,1184
ronchi,1185
biscuit,1186
papal,1187
montani,1188
sa,1189
japan,1190
amaro,1191
1949,1192
guest,1193
adda,1194
gu,1195
tombola,1196
cordero,1197
thursday,1198
brasseri,1199
built,1200
canzian,1201
giardinetto,1202
enclav,1203
sila,1204
20c,1205
emilia,1206
terracina,1207
nicol,1208
societi,1209
sailboat,1210
marino,1211
hintner,1212
aroma,1213
sangioves,1214
manuel,1215
gobbetto,1216
tordelli,1217
splash,1218
make,1219
plin,1220
lavezzini,1221
whitefish,1222
1985,1223
war,1224
fenoglio,1225
pepp,1226
dark,1227
result,1228
sarri,1229
embrac,1230
respons,1231
kerm,1232
cover,1233
road,1234
pinchiorri,1235
misl,1236
due,1237
alessandra,1238
donna,1239
moretto,1240
laera,1241
palagio,1242
feria,1243
qualiti,1244
bistecca,1245
quinson,1246
ambassador,1247
pompeo,1248
wit,1249
mood,1250
viaj,1251
peter,1252
african,1253
cocktail,1254
oyster,1255
melania,1256
salvator,1257
descript,1258
ger,1259
matriciana,1260
marubini,1261
tronto,1262
pipe,1263
partli,1264
job,1265
stilla,1266
hectar,1267
florenc,1268
visit,1269
fossa,1270
stay,1271
rubiera,1272
see,1273
fertil,1274
pannicolo,1275
zur,1276
loung,1277
1922,1278
bro,1279
levanto,1280
clearli,1281
throughout,1282
kimchi,1283
homeland,1284
vineyard,1285
harmoni,1286
locanda,1287
armi,1288
isea,1289
1981,1290
modica,1291
paraggi,1292
larossa,1293
serva,1294
surfboard,1295
scrubland,1296
piola,1297
orsoburg,1298
costarella,1299
countri,1300
seafront,1301
angelo,1302
vehicl,1303
fiorentina,1304
sordi,1305
dairi,1306
carn,1307
spigaroli,1308
street,1309
remi,1310
annunzio,1311
allergi,1312
roy,1313
ferrari,1314
flurin,1315
artusi,1316
murat,1317
valentia,1318
brilliant,1319
highlight,1320
viewpoint,1321
ducass,1322
go,1323
rossi,1324
timbal,1325
gusto,1326
bundl,1327
ring,1328
dietro,1329
plastic,1330
crumb,1331
finish,1332
piemontes,1333
day,1334
welfar,1335
tasti,1336
facet,1337
fassona,1338
millefeuil,1339
mediterraneo,1340
360,1341
orta,1342
deeper,1343
9pm,1344
cracco,1345
abbondanzi,1346
stranger,1347
burger,1348
rariti,1349
bc,1350
exagger,1351
drawer,1352
hernan,1353
sadler,1354
shuttl,1355
whose,1356
autumn,1357
valentina,1358
cacciag,1359
appreci,1360
fennel,1361
etruscan,1362
blasio,1363
gallipoli,1364
owner,1365
catinaccio,1366
conclus,1367
laboratori,1368
etna,1369
oregano,1370
pina,1371
asparagu,1372
penna,1373
1990,1374
cajun,1375
piedi,1376
aversa,1377
evan,1378
pastri,1379
palmi,1380
deliv,1381
emilian,1382
explain,1383
leandro,1384
instruct,1385
filippetto,1386
blancmang,1387
pesticid,1388
sesso,1389
patch,1390
500m,1391
roia,1392
marcelin,1393
school,1394
teodoro,1395
francigena,1396
bitter,1397
orsosemifreddo,1398
becam,1399
rocca,1400
contemporanea,1401
join,1402
servic,1403
gardena,1404
pinerolo,1405
vall,1406
corteccia,1407
enlarg,1408
giudia,1409
dresser,1410
verd,1411
tofana,1412
ritual,1413
furlo,1414
deep,1415
gone,1416
chargril,1417
sorrentin,1418
pillow,1419
0,1420
provid,1421
flaw,1422
parkland,1423
ostentati,1424
beacon,1425
renaiss,1426
terra,1427
robustli,1428
shore,1429
safari,1430
capocollo,1431
cod,1432
hot,1433
entir,1434
bring,1435
2019,1436
miraval,1437
accord,1438
collin,1439
la,1440
elderflow,1441
roast,1442
altro,1443
bergeretto,1444
strombolicchio,1445
musso,1446
salento,1447
sometim,1448
best,1449
architect,1450
dull,1451
juic,1452
lucia,1453
guancialino,1454
prosdocimi,1455
xx,1456
belong,1457
abat,1458
eden,1459
chimichurri,1460
happili,1461
face,1462
anacapri,1463
farm,1464
obvious,1465
friggitello,1466
convivi,1467
gaio,1468
2021,1469
dusti,1470
sodano,1471
migliaccio,1472
baldo,1473
unknown,1474
manner,1475
race,1476
basin,1477
lagunamar,1478
mancino,1479
scalera,1480
segreta,1481
marko,1482
peppino,1483
acereta,1484
strachitunt,1485
somma,1486
grandpar,1487
women,1488
peninsula,1489
cattl,1490
delic,1491
indic,1492
connect,1493
templ,1494
wisteria,1495
formazza,1496
explor,1497
prodigi,1498
europ,1499
heart,1500
uncompromis,1501
caruso,1502
norcia,1503
pleasant,1504
amaz,1505
peel,1506
fairytal,1507
exalt,1508
experi,1509
account,1510
murano,1511
deservedli,1512
signific,1513
construct,1514
week,1515
elegant,1516
bordo,1517
asado,1518
tiberini,1519
blind,1520
start,1521
sunday,1522
abbattista,1523
baroni,1524
refectori,1525
conjur,1526
panfilio,1527
scuro,1528
stagion,1529
affinita,1530
aptli,1531
effect,1532
tireless,1533
burgundi,1534
bolognes,1535
domingo,1536
friday,1537
stravecchio,1538
mountain,1539
mozzarella,1540
miniato,1541
geotherm,1542
capitaneo,1543
isid,1544
still,1545
fre,1546
papavero,1547
samuel,1548
dolc,1549
meanwhil,1550
continu,1551
mutuo,1552
albertina,1553
lookout,1554
rieti,1555
antonello,1556
ferrero,1557
aminta,1558
fall,1559
unavoid,1560
18,1561
graziano,1562
intens,1563
either,1564
mottaron,1565
saracen,1566
opt,1567
torrisi,1568
nourish,1569
nolinski,1570
forth,1571
captiv,1572
acacia,1573
signum,1574
alzaia,1575
spaccanapoli,1576
peak,1577
chutney,1578
venison,1579
confin,1580
complex,1581
riviera,1582
marchigiana,1583
feltrin,1584
caviar,1585
aficionado,1586
worker,1587
art,1588
tyrolean,1589
center,1590
villoresi,1591
hark,1592
sell,1593
banquet,1594
pietropaoli,1595
backdrop,1596
lai,1597
ugento,1598
neighbourhood,1599
sui,1600
silk,1601
unfold,1602
papi,1603
soul,1604
therefor,1605
reminisc,1606
1370,1607
taglienti,1608
fondaco,1609
ciccio,1610
180,1611
cestello,1612
belveder,1613
riflessioni,1614
90,1615
target,1616
vertic,1617
oseleta,1618
marco,1619
ivana,1620
casertano,1621
search,1622
mura,1623
sit,1624
dri,1625
philosoph,1626
gong,1627
bubbl,1628
brunel,1629
taurasi,1630
apennin,1631
esperienza,1632
play,1633
nole,1634
nearli,1635
sunni,1636
pitosforo,1637
instantli,1638
ventresca,1639
flight,1640
grapefruit,1641
2020,1642
spoltino,1643
root,1644
check,1645
allevato,1646
giacchini,1647
brogna,1648
pollenzo,1649
sushi,1650
talk,1651
stori,1652
bergamasca,1653
burri,1654
susanna,1655
opitergium,1656
bodi,1657
emin,1658
ship,1659
vasariana,1660
turi,1661
chiaracia,1662
pisser,1663
ambrogio,1664
madr,1665
leek,1666
tret,1667
passeggiata,1668
grotto,1669
caramanico,1670
invent,1671
clear,1672
courgett,1673
major,1674
privat,1675
donkey,1676
hotel,1677
gold,1678
erb,1679
semi,1680
flair,1681
heard,1682
scalo,1683
1987,1684
6,1685
wooden,1686
nine,1687
nowher,1688
immens,1689
discuss,1690
shelv,1691
lago,1692
incred,1693
600m,1694
willing,1695
fresco,1696
textur,1697
cabl,1698
sarca,1699
fossaceca,1700
marta,1701
ruin,1702
armerina,1703
entranc,1704
ferrares,1705
mirazur,1706
doc,1707
trofi,1708
kid,1709
suquet,1710
dolcedo,1711
perez,1712
winner,1713
bracali,1714
clitunno,1715
wieser,1716
simpl,1717
cappuccino,1718
grappoli,1719
pata,1720
train,1721
abl,1722
krapf,1723
farnes,1724
thousand,1725
whiski,1726
playground,1727
cappelli,1728
rapa,1729
upper,1730
dough,1731
carri,1732
gentli,1733
banco,1734
conero,1735
mantua,1736
9th,1737
railway,1738
phrase,1739
meticul,1740
milk,1741
signorini,1742
margherita,1743
ethnic,1744
murg,1745
delicato,1746
cir,1747
griffa,1748
meaning,1749
sannio,1750
coastlin,1751
equinozio,1752
rebellion,1753
canton,1754
craftsmen,1755
traditionalist,1756
denomin,1757
wild,1758
latt,1759
distanc,1760
zabaglion,1761
penultim,1762
ham,1763
fregula,1764
2001,1765
treviso,1766
offspr,1767
brescia,1768
rout,1769
russi,1770
delta,1771
direct,1772
rovati,1773
claudio,1774
lakefront,1775
linear,1776
trove,1777
absinth,1778
rang,1779
baganza,1780
mallard,1781
ost,1782
ed,1783
curd,1784
prenestino,1785
daria,1786
bargellini,1787
gatti,1788
carpacci,1789
nerina,1790
1934,1791
marca,1792
luna,1793
oxtail,1794
wend,1795
mt,1796
cep,1797
milazzo,1798
uphold,1799
marmi,1800
caf,1801
summer,1802
ricorda,1803
northern,1804
collect,1805
copper,1806
meroi,1807
verbano,1808
conca,1809
effici,1810
char,1811
barbara,1812
valpantena,1813
lopez,1814
remulass,1815
apart,1816
grandi,1817
tidi,1818
border,1819
vide,1820
300,1821
woodland,1822
benedetto,1823
champagneria,1824
cavalieri,1825
hong,1826
proud,1827
mauricio,1828
laura,1829
profil,1830
warehous,1831
pi,1832
onofrio,1833
brodetto,1834
focus,1835
luciano,1836
trentino,1837
self,1838
bufala,1839
oak,1840
staff,1841
rucola,1842
maqui,1843
faveri,1844
reduct,1845
negrini,1846
obviou,1847
icehous,1848
astra,1849
boathous,1850
morer,1851
balconi,1852
valu,1853
eclect,1854
apostelstub,1855
lightli,1856
scabin,1857
combo,1858
passag,1859
reach,1860
philipp,1861
capricciosa,1862
proverbi,1863
panoram,1864
errico,1865
cuoco,1866
sgr,1867
top,1868
savouri,1869
superl,1870
necropoli,1871
cauliflow,1872
gipponi,1873
held,1874
battistoni,1875
linger,1876
suvereto,1877
coeliac,1878
jacopo,1879
omit,1880
gae,1881
barbera,1882
temporari,1883
fassa,1884
60km,1885
madonnina,1886
shine,1887
baccala,1888
crunchi,1889
ariel,1890
unfussi,1891
drip,1892
columbu,1893
cattivelli,1894
puff,1895
magona,1896
thought,1897
hush,1898
turn,1899
allus,1900
guggenheim,1901
circolino,1902
vicenza,1903
sauri,1904
secondli,1905
maglio,1906
mascarpon,1907
fun,1908
alla,1909
declinata,1910
fallen,1911
livestock,1912
waffl,1913
sala,1914
mantra,1915
niko,1916
sold,1917
wander,1918
herb,1919
antico,1920
shellfish,1921
52,1922
two,1923
hero,1924
underst,1925
domodossola,1926
falconier,1927
suili,1928
wafer,1929
moresca,1930
burnt,1931
mancini,1932
bitto,1933
15th,1934
stop,1935
though,1936
anagram,1937
light,1938
verona,1939
tabl,1940
motta,1941
currant,1942
mandarin,1943
impress,1944
60,1945
scene,1946
novi,1947
laurel,1948
guido,1949
anniversari,1950
sou,1951
normal,1952
strike,1953
earth,1954
liver,1955
desiderio,1956
lumpfish,1957
cannoli,1958
sixth,1959
candel,1960
cosylittl,1961
verbania,1962
bellingeri,1963
silent,1964
supplier,1965
lee,1966
tonnato,1967
chamber,1968
giuliana,1969
shadow,1970
lie,1971
directli,1972
vittorial,1973
focacceria,1974
anyon,1975
vasocottura,1976
osti,1977
lengthway,1978
cuneo,1979
luigia,1980
flock,1981
cesenatico,1982
cinta,1983
pineta,1984
restrict,1985
januariu,1986
servizio,1987
uncompl,1988
calabres,1989
consortium,1990
violetta,1991
morsi,1992
1950,1993
toward,1994
colleagu,1995
hesit,1996
seventh,1997
degustazion,1998
unnecessari,1999
caciucco,2000
maggior,2001
miranes,2002
mara,2003
extra,2004
learn,2005
limonaia,2006
mare,2007
mame,2008
practic,2009
osmosi,2010
caltagiron,2011
storico,2012
profeta,2013
redefin,2014
mariapaola,2015
scamardella,2016
durat,2017
fiorella,2018
maurizi,2019
krug,2020
casol,2021
nonetheless,2022
modugno,2023
femal,2024
golfo,2025
nich,2026
aurora,2027
garden,2028
forst,2029
chairman,2030
tune,2031
juri,2032
napolitan,2033
precis,2034
eas,2035
higher,2036
windsor,2037
greenhous,2038
congeni,2039
spotlight,2040
befit,2041
hagen,2042
inevit,2043
struscio,2044
total,2045
murrua,2046
sitea,2047
tre,2048
reclam,2049
tuna,2050
pasteuris,2051
togeth,2052
evid,2053
marsupino,2054
masseria,2055
franciacorta,2056
emblemat,2057
quarto,2058
stretch,2059
doorbel,2060
onyx,2061
explos,2062
shape,2063
object,2064
chequer,2065
children,2066
beneventano,2067
esperienz,2068
gilberto,2069
principl,2070
carbonara,2071
1848,2072
langh,2073
contemporaneit,2074
rural,2075
chalk,2076
saltwort,2077
theatr,2078
cembra,2079
gamay,2080
roberta,2081
breve,2082
patron,2083
2024,2084
nadia,2085
immedi,2086
bucol,2087
romani,2088
appealingli,2089
venosa,2090
warn,2091
pile,2092
figur,2093
sunset,2094
ponzu,2095
cook,2096
sommeli,2097
lighter,2098
southern,2099
spiritu,2100
lonigo,2101
baronal,2102
metr,2103
dalila,2104
lap,2105
seem,2106
bewar,2107
lombardi,2108
revisit,2109
cremona,2110
compani,2111
americano,2112
echo,2113
canederli,2114
claudia,2115
stuffi,2116
glam,2117
acquapartita,2118
tast,2119
admir,2120
peach,2121
1970,2122
lastli,2123
co,2124
whip,2125
focaccia,2126
abruzzo,2127
mareand,2128
proietti,2129
antoni,2130
1am,2131
mangiala,2132
li,2133
oltr,2134
pave,2135
nestl,2136
cliff,2137
sparkl,2138
demand,2139
muse,2140
michelino,2141
recent,2142
offal,2143
consolata,2144
ferri,2145
laticauda,2146
tita,2147
princip,2148
bettelmatt,2149
brais,2150
mallow,2151
bartoli,2152
engel,2153
salar,2154
valdestali,2155
nephew,2156
extrem,2157
blackberri,2158
ionian,2159
cartellata,2160
prompt,2161
futura,2162
wealth,2163
croce,2164
fiordaliso,2165
1982,2166
neglect,2167
fiumicino,2168
saut,2169
final,2170
conserv,2171
replac,2172
palazzolo,2173
starter,2174
crumbl,2175
hinterland,2176
candlelit,2177
flaiano,2178
brunello,2179
devoto,2180
romano,2181
gastronomi,2182
molaro,2183
quintino,2184
chapel,2185
perhap,2186
corner,2187
previou,2188
crowd,2189
padoan,2190
upon,2191
bandi,2192
began,2193
refrigeri,2194
grove,2195
sakai,2196
among,2197
pock,2198
gara,2199
lamb,2200
squid,2201
juliet,2202
hassler,2203
puf,2204
champion,2205
inspector,2206
roughli,2207
determinedli,2208
bearer,2209
receiv,2210
fattoria,2211
secondi,2212
lanteri,2213
sbira,2214
tripe,2215
chianina,2216
via,2217
door,2218
dimora,2219
inexhaust,2220
trabaccolara,2221
budget,2222
bertini,2223
lanss,2224
manchego,2225
11pm,2226
nori,2227
chef,2228
recanati,2229
breast,2230
ciociaria,2231
royal,2232
supplement,2233
ostuni,2234
greek,2235
involtini,2236
abruzzi,2237
pretti,2238
shorter,2239
oldest,2240
feuill,2241
cippi,2242
cime,2243
chicco,2244
renon,2245
greener,2246
beck,2247
es,2248
ampezzo,2249
pallanza,2250
tree,2251
shallot,2252
boeri,2253
rio,2254
25th,2255
damask,2256
tortuga,2257
tortonesi,2258
23,2259
alfonso,2260
baciadonn,2261
highest,2262
1126,2263
savoy,2264
corona,2265
barral,2266
chj,2267
show,2268
pension,2269
shiroya,2270
bertoli,2271
hilli,2272
glamour,2273
recal,2274
venissa,2275
400,2276
shortest,2277
wave,2278
valtellines,2279
incompar,2280
reggio,2281
motorway,2282
golpaia,2283
space,2284
altamura,2285
ski,2286
acquolina,2287
mezzanin,2288
seriou,2289
becom,2290
povera,2291
pasticcio,2292
excel,2293
max,2294
vodka,2295
beansprout,2296
subject,2297
latini,2298
fell,2299
taggiasch,2300
teal,2301
giovanna,2302
ziantoni,2303
vibrant,2304
5km,2305
nobilt,2306
combin,2307
lussuoso,2308
general,2309
annarumma,2310
piccini,2311
solaria,2312
tarquinia,2313
fuenti,2314
pu,2315
dusk,2316
brezza,2317
often,2318
contribut,2319
defin,2320
massucco,2321
nordic,2322
orchard,2323
velvet,2324
protect,2325
beli,2326
outlet,2327
matur,2328
bistrot,2329
postman,2330
cauda,2331
36,2332
popolo,2333
fatti,2334
itali,2335
whelk,2336
recreat,2337
frequent,2338
boost,2339
paradigma,2340
tongu,2341
substanc,2342
restaurateur,2343
junction,2344
alessandro,2345
chocol,2346
intuit,2347
minimum,2348
padr,2349
wall,2350
pastiera,2351
giuseppa,2352
sanbrit,2353
celeri,2354
horsemeat,2355
extract,2356
bari,2357
old,2358
realis,2359
paccheri,2360
breda,2361
sacco,2362
shop,2363
scrupul,2364
steep,2365
saletta,2366
list,2367
wineri,2368
excelsior,2369
fenicottero,2370
hamlet,2371
broast,2372
ossola,2373
meringu,2374
custard,2375
nebrodi,2376
system,2377
address,2378
carpentri,2379
montes,2380
burba,2381
suggest,2382
straw,2383
terlano,2384
ravenna,2385
underground,2386
appl,2387
marsala,2388
herbert,2389
levi,2390
larch,2391
find,2392
judg,2393
seed,2394
perdomo,2395
sole,2396
coriand,2397
woodsmok,2398
anni,2399
valsugana,2400
pleasingli,2401
bad,2402
palermo,2403
loaf,2404
venart,2405
gerri,2406
castrozza,2407
walk,2408
sauvignon,2409
basilicata,2410
truli,2411
piec,2412
codol,2413
tild,2414
huge,2415
pasqual,2416
distract,2417
esperanto,2418
rispoli,2419
june,2420
prosecco,2421
eleven,2422
equip,2423
20menu,2424
tafuri,2425
grenier,2426
romant,2427
cabbag,2428
scicli,2429
call,2430
decept,2431
satisfact,2432
leather,2433
cosmopolitan,2434
favourit,2435
marzipan,2436
sassi,2437
commiss,2438
loprior,2439
manufactur,2440
parallelsmenu,2441
1964,2442
row,2443
stuf,2444
mocellin,2445
loop,2446
prawn,2447
chaotic,2448
giano,2449
atrani,2450
ristorant,2451
brand,2452
marjoram,2453
erbaluc,2454
felix,2455
curli,2456
scosso,2457
interior,2458
lievitazioni,2459
resound,2460
mandilli,2461
beretta,2462
establish,2463
granita,2464
gut,2465
cantina,2466
tyrol,2467
distinctli,2468
sandwich,2469
snowcat,2470
trendi,2471
certifi,2472
ameno,2473
romanesco,2474
atmospher,2475
quinto,2476
brunico,2477
galleria,2478
friuli,2479
birthday,2480
cajinci,2481
low,2482
linen,2483
campobello,2484
supper,2485
overal,2486
epicentr,2487
aperto,2488
teem,2489
escalop,2490
cicada,2491
grano,2492
anoth,2493
trento,2494
paradiso,2495
peruvian,2496
mantecati,2497
cassoeula,2498
piselli,2499
bao,2500
restaur,2501
breccia,2502
dinner,2503
count,2504
capit,2505
distinguish,2506
requir,2507
seven,2508
steiner,2509
souvenir,2510
pievasciata,2511
verpai,2512
regional,2513
fool,2514
cesar,2515
floriano,2516
60th,2517
fabbrica,2518
pappai,2519
influenti,2520
mushroom,2521
cacciator,2522
lorena,2523
tagliolini,2524
sorrentino,2525
nero,2526
flamingo,2527
anim,2528
john,2529
riva,2530
antonella,2531
ortigia,2532
primari,2533
peat,2534
romagna,2535
footbal,2536
dissect,2537
inedita,2538
athlet,2539
height,2540
doorway,2541
dedic,2542
omelett,2543
moor,2544
grocer,2545
antipasti,2546
austria,2547
primi,2548
1957,2549
motiv,2550
peasant,2551
isabella,2552
thank,2553
1933,2554
actual,2555
dal,2556
aria,2557
credit,2558
moriggi,2559
augustu,2560
bream,2561
condo,2562
toku,2563
sirenus,2564
russo,2565
faenza,2566
calett,2567
coffe,2568
virgin,2569
mayr,2570
curri,2571
stylishli,2572
larg,2573
laigueglia,2574
colucci,2575
langella,2576
marotta,2577
toceno,2578
1773,2579
attanasio,2580
perna,2581
recognis,2582
84,2583
gragnono,2584
framework,2585
meter,2586
1988,2587
spectacl,2588
ischia,2589
spill,2590
novelti,2591
break,2592
thistl,2593
bianco,2594
criss,2595
fairi,2596
galaxi,2597
profus,2598
mel,2599
younger,2600
vs,2601
vitantonio,2602
lord,2603
costantino,2604
creativo,2605
canal,2606
lift,2607
stress,2608
soverato,2609
gricia,2610
terrazza,2611
stringi,2612
adriat,2613
branca,2614
valuabl,2615
think,2616
march,2617
rosemari,2618
2023,2619
chemic,2620
camino,2621
talent,2622
rose,2623
end,2624
pamper,2625
militari,2626
carlo,2627
clandestino,2628
sultana,2629
6c,2630
casano,2631
known,2632
quicker,2633
completata,2634
borsa,2635
know,2636
junior,2637
lack,2638
member,2639
atzeni,2640
artemid,2641
pablo,2642
lobster,2643
ra,2644
viu,2645
fond,2646
issu,2647
clever,2648
catia,2649
snow,2650
ruffl,2651
lard,2652
teano,2653
noli,2654
indaco,2655
loss,2656
gilmor,2657
michelina,2658
favorita,2659
pap,2660
exist,2661
acciderba,2662
urchin,2663
car,2664
frico,2665
frediano,2666
costabella,2667
cartoccio,2668
sweden,2669
oili,2670
period,2671
function,2672
inject,2673
salumi,2674
inland,2675
lezzereni,2676
serendipico,2677
attent,2678
eateri,2679
creativ,2680
painter,2681
sake,2682
well,2683
proto,2684
conveni,2685
brought,2686
maurilio,2687
flavour,2688
perspect,2689
trafilata,2690
district,2691
dallamano,2692
california,2693
loft,2694
montefusco,2695
brigida,2696
apprenticeship,2697
fair,2698
ambienti,2699
lid,2700
villa,2701
paint,2702
afield,2703
raffael,2704
redecor,2705
1,2706
pacif,2707
eat,2708
york,2709
resembl,2710
agata,2711
workshop,2712
seggiano,2713
esordi,2714
tiber,2715
blue,2716
wherev,2717
drop,2718
zone,2719
ortisei,2720
trentacosti,2721
paid,2722
biedermei,2723
sheepfold,2724
emilio,2725
amerigo,2726
hay,2727
flower,2728
pike,2729
press,2730
padana,2731
quest,2732
fiat,2733
elid,2734
1973,2735
western,2736
meucci,2737
boast,2738
fogher,2739
aromat,2740
pot,2741
dessert,2742
flask,2743
cristina,2744
vogu,2745
cure,2746
hear,2747
nineteenth,2748
ligurian,2749
across,2750
baita,2751
promenad,2752
massimo,2753
creak,2754
middl,2755
au,2756
also,2757
sanit,2758
aspro,2759
ortica,2760
caretak,2761
promis,2762
cicchetti,2763
vicina,2764
vegetarian,2765
amatriciana,2766
maria,2767
manuela,2768
advanc,2769
bass,2770
renzi,2771
1995,2772
buffet,2773
breton,2774
ristour,2775
duck,2776
free,2777
capitolo,2778
friendship,2779
piccolo,2780
kosovo,2781
sirmiano,2782
guard,2783
pandolfo,2784
alessandria,2785
largest,2786
28,2787
cement,2788
pellicano,2789
gemma,2790
cedroni,2791
task,2792
lugagnano,2793
franca,2794
bartolo,2795
portico,2796
grifon,2797
buffalo,2798
avant,2799
restructur,2800
kal,2801
sorrento,2802
point,2803
ciucci,2804
brianza,2805
evok,2806
perus,2807
palomba,2808
lane,2809
fore,2810
fauna,2811
pachino,2812
placemat,2813
scala,2814
sabino,2815
abbruzzino,2816
abocar,2817
taken,2818
breathtak,2819
vicciola,2820
tortelloni,2821
singl,2822
400m,2823
bravaccini,2824
soav,2825
toffe,2826
barn,2827
wide,2828
sansepolcro,2829
atman,2830
aubergin,2831
manduria,2832
hold,2833
dorona,2834
vincenzo,2835
opra,2836
1919,2837
floral,2838
separ,2839
morello,2840
test,2841
tubladel,2842
avino,2843
capri,2844
autunno,2845
famou,2846
150,2847
leaven,2848
santandrea,2849
cicchetteria,2850
tin,2851
chiavari,2852
suitabl,2853
tartlet,2854
salami,2855
bedroom,2856
never,2857
bastion,2858
poder,2859
research,2860
indian,2861
arbour,2862
ionio,2863
pisarei,2864
feniletto,2865
gorgnalini,2866
turin,2867
cedron,2868
acoust,2869
clue,2870
finest,2871
fortana,2872
mirella,2873
ownership,2874
sesam,2875
starck,2876
justifi,2877
longhini,2878
coupl,2879
shown,2880
bowl,2881
cantin,2882
nurtur,2883
spumon,2884
hidden,2885
notic,2886
1984,2887
550m,2888
ember,2889
acquir,2890
way,2891
buzara,2892
pell,2893
belov,2894
favour,2895
regular,2896
sotto,2897
palluda,2898
emerg,2899
garattoni,2900
watch,2901
langosteria,2902
dioces,2903
trabetti,2904
freedom,2905
tagliata,2906
ade,2907
signor,2908
genoes,2909
nostalg,2910
scapecchi,2911
1997,2912
shipyard,2913
schneider,2914
woodruff,2915
volum,2916
confection,2917
cotta,2918
juan,2919
child,2920
sumptuou,2921
biafora,2922
bouch,2923
reward,2924
imagna,2925
rossella,2926
alcov,2927
decad,2928
modifi,2929
granddaught,2930
pecorino,2931
barbequ,2932
soccorso,2933
1250,2934
baglieri,2935
che,2936
magnum,2937
900m,2938
chessboard,2939
applaus,2940
cypress,2941
chantant,2942
colleoni,2943
bresaola,2944
broccoli,2945
storehous,2946
uffizi,2947
sarzana,2948
giovan,2949
ingalera,2950
tuber,2951
baja,2952
comprehens,2953
mostarda,2954
section,2955
dome,2956
brixen,2957
varaita,2958
sincer,2959
white,2960
stalwart,2961
cantafio,2962
falter,2963
suffic,2964
contron,2965
bend,2966
pancak,2967
downhil,2968
varignana,2969
bolzano,2970
17c,2971
await,2972
museum,2973
laqua,2974
tilia,2975
impli,2976
sight,2977
raf,2978
masala,2979
introduct,2980
brescian,2981
baretto,2982
sourdough,2983
randazzo,2984
baroqu,2985
sfincion,2986
milanesi,2987
reviv,2988
luppi,2989
beluga,2990
enthusiasm,2991
scardina,2992
pinewood,2993
1700,2994
rovetta,2995
rosewood,2996
lanzagallo,2997
vulcanello,2998
surprisingli,2999
gherardesca,3000
ciociara,3001
lardo,3002
cream,3003
cotoletta,3004
cake,3005
couli,3006
sauc,3007
owe,3008
teapot,3009
semicircular,3010
tumbl,3011
cannonau,3012
christma,3013
scandinavian,3014
pompanin,3015
lugano,3016
need,3017
ligur,3018
varena,3019
ladinia,3020
piccion,3021
camaldoli,3022
eponym,3023
gluten,3024
1717,3025
delici,3026
dop,3027
bress,3028
secret,3029
discipl,3030
bloom,3031
persimmon,3032
stelvio,3033
19c,3034
tola,3035
cerreto,3036
elisa,3037
angel,3038
bought,3039
thoma,3040
caval,3041
duchess,3042
sacro,3043
beurr,3044
drawback,3045
burano,3046
porch,3047
fortunato,3048
crab,3049
forerunn,3050
frattaubread,3051
seafood,3052
armani,3053
profondo,3054
gestur,3055
dim,3056
spin,3057
grown,3058
cheek,3059
minut,3060
henri,3061
mezz,3062
expert,3063
riomaggior,3064
bed,3065
petrosino,3066
sun,3067
11c,3068
potato,3069
farmstead,3070
zero,3071
cogliardo,3072
fermo,3073
reveal,3074
biodynam,3075
mahogani,3076
tavern,3077
da,3078
1906,3079
mayonnais,3080
feast,3081
oglio,3082
purist,3083
80,3084
runner,3085
fabbro,3086
skate,3087
cicognolo,3088
elegantli,3089
word,3090
lumira,3091
castelvecchio,3092
disturb,3093
lucca,3094
marciana,3095
bergamo,3096
chic,3097
hidalgo,3098
shrub,3099
riscoperta,3100
gianluca,3101
pickl,3102
tuesday,3103
piacentin,3104
hairpin,3105
viterbo,3106
chat,3107
carmelo,3108
1969,3109
technic,3110
gelliu,3111
marinara,3112
foligno,3113
mop,3114
guidi,3115
childhood,3116
maison,3117
trumpet,3118
consum,3119
lessinia,3120
fingerlim,3121
ravarotto,3122
bottega,3123
trademark,3124
val,3125
basic,3126
boundari,3127
trentinomenu,3128
50th,3129
cedro,3130
cacer,3131
provenc,3132
bolder,3133
delicaci,3134
tackl,3135
insid,3136
smoker,3137
friend,3138
tantal,3139
lamezia,3140
prino,3141
fantasi,3142
appar,3143
conservatori,3144
take,3145
bone,3146
spaghetton,3147
teishokuset,3148
daughter,3149
aquila,3150
enterpris,3151
sella,3152
vagu,3153
bollat,3154
pistoletto,3155
pfanner,3156
ai,3157
muscat,3158
gallega,3159
glimps,3160
sophist,3161
fabio,3162
hover,3163
altern,3164
sampl,3165
stelio,3166
septemb,3167
bistr,3168
quintessenti,3169
adjoin,3170
arso,3171
sylvan,3172
delizi,3173
vico,3174
decorazioni,3175
probabl,3176
experienc,3177
reopen,3178
mugo,3179
canada,3180
envisag,3181
sure,3182
daniela,3183
gualdo,3184
valdarno,3185
multi,3186
berri,3187
iyo,3188
ecosystem,3189
valley,3190
domenica,3191
cannavino,3192
repubblica,3193
parretti,3194
salicornia,3195
twin,3196
vast,3197
seawe,3198
unlimit,3199
close,3200
savor,3201
touch,3202
jo,3203
permit,3204
bassetti,3205
social,3206
5,3207
ascent,3208
oliv,3209
melt,3210
1695,3211
needl,3212
cistern,3213
landscap,3214
spezia,3215
bear,3216
fluffi,3217
coconut,3218
giustino,3219
superbl,3220
howev,3221
year,3222
equal,3223
lidia,3224
equa,3225
rizz,3226
matia,3227
inde,3228
sini,3229
noteworthi,3230
trent,3231
mouthwat,3232
spleen,3233
gargioli,3234
type,3235
curiou,3236
le,3237
slightli,3238
question,3239
senal,3240
toledo,3241
sigilinium,3242
lazian,3243
mortandela,3244
tedeschi,3245
cash,3246
etra,3247
h,3248
miss,3249
porcelain,3250
miseria,3251
girl,3252
24,3253
west,3254
bino,3255
pezzuto,3256
tenor,3257
1989,3258
presidiana,3259
potent,3260
salerno,3261
sull,3262
convent,3263
querc,3264
pascal,3265
greeneri,3266
kerkira,3267
turnip,3268
network,3269
pinch,3270
nod,3271
presenc,3272
vigilio,3273
vergin,3274
hagan,3275
gastro,3276
porta,3277
trail,3278
leon,3279
agrituristica,3280
stew,3281
belt,3282
nouveau,3283
geniu,3284
fellow,3285
cosmo,3286
bavaglino,3287
meantim,3288
spectacular,3289
flagship,3290
trolley,3291
introduc,3292
tenn,3293
tina,3294
educ,3295
choic,3296
sappada,3297
concentr,3298
benjamin,3299
oasi,3300
tomberli,3301
fork,3302
activ,3303
polish,3304
savona,3305
10pm,3306
act,3307
dose,3308
liberti,3309
colonnata,3310
gianicolo,3311
angela,3312
gioia,3313
toul,3314
christian,3315
tardiva,3316
marseil,3317
der,3318
bathroom,3319
portinari,3320
brandini,3321
circular,3322
oberwirt,3323
prime,3324
vipiteno,3325
view,3326
coincid,3327
mundan,3328
harri,3329
theatric,3330
chicken,3331
campanella,3332
divid,3333
piazza,3334
buckwheat,3335
chandeli,3336
petal,3337
sogno,3338
pensando,3339
wherea,3340
tonn,3341
con,3342
compens,3343
marelli,3344
siciliana,3345
andana,3346
lazzarini,3347
ribollita,3348
ficotto,3349
morelli,3350
proprietor,3351
shrine,3352
leoluca,3353
enoica,3354
pietro,3355
mapl,3356
dens,3357
piergiorgio,3358
succumb,3359
present,3360
castiglion,3361
colombia,3362
floor,3363
cutleri,3364
vescovado,3365
tino,3366
unit,3367
acenza,3368
genova,3369
3ha,3370
yacht,3371
redcurr,3372
fort,3373
della,3374
essenza,3375
operaia,3376
furnish,3377
nuovo,3378
bare,3379
neither,3380
drape,3381
skirt,3382
carriag,3383
parkhotel,3384
second,3385
culurgion,3386
kindergarten,3387
biancu,3388
macaroni,3389
australia,3390
posit,3391
elli,3392
decis,3393
trendiest,3394
bike,3395
carp,3396
passiria,3397
urquiola,3398
older,3399
kind,3400
jewish,3401
balanc,3402
nikkei,3403
silvana,3404
verdi,3405
tano,3406
informal,3407
beatric,3408
choi,3409
acqua,3410
authorit,3411
maurizio,3412
sausag,3413
influenc,3414
santuario,3415
natura,3416
solopiemont,3417
tyrrhenian,3418
literatur,3419
trio,3420
herbal,3421
dario,3422
comic,3423
eleph,3424
painstak,3425
rubik,3426
giacinto,3427
spite,3428
vastes,3429
deliber,3430
group,3431
covet,3432
seat,3433
ecuador,3434
lazarov,3435
portrait,3436
without,3437
shred,3438
montefalco,3439
alain,3440
pheasant,3441
alpago,3442
amus,3443
extens,3444
overwhelm,3445
gelato,3446
flour,3447
control,3448
brioch,3449
africa,3450
locat,3451
order,3452
granaio,3453
bonet,3454
accommod,3455
trani,3456
mattiacci,3457
giandujotto,3458
vista,3459
peanut,3460
cavolo,3461
angolo,3462
situat,3463
head,3464
ciccioli,3465
cellar,3466
whitebait,3467
cleverli,3468
geograph,3469
vari,3470
klugmann,3471
trendier,3472
000,3473
lorenzo,3474
caserta,3475
weingut,3476
marri,3477
antica,3478
som,3479
scratch,3480
ricchebuono,3481
claroni,3482
posti,3483
ornament,3484
seral,3485
1913,3486
brown,3487
spend,3488
solar,3489
fontanina,3490
array,3491
2km,3492
agliata,3493
veneto,3494
baccal,3495
4km,3496
monferrini,3497
postcard,3498
gondolieri,3499
rum,3500
air,3501
vale,3502
adjac,3503
forgiv,3504
crust,3505
bollita,3506
senigallia,3507
outli,3508
ladin,3509
venu,3510
prevail,3511
fazio,3512
threshold,3513
romagnol,3514
1910,3515
cookwar,3516
casserol,3517
aviano,3518
yeast,3519
regi,3520
pistachio,3521
culinari,3522
rustic,3523
scent,3524
council,3525
broad,3526
quarter,3527
opul,3528
du,3529
profici,3530
donato,3531
minori,3532
carrara,3533
12,3534
1877,3535
doze,3536
showroom,3537
mari,3538
visitor,3539
faultless,3540
peke,3541
sawmil,3542
track,3543
aeolian,3544
stuff,3545
cutlet,3546
ero,3547
fettuccin,3548
copiou,3549
prolong,3550
ahrntal,3551
cousin,3552
qcina,3553
remain,3554
crescendo,3555
transform,3556
produc,3557
porteri,3558
sister,3559
godia,3560
hibiscu,3561
18c,3562
allud,3563
pomodoro,3564
candi,3565
cultiv,3566
dogfish,3567
subtli,3568
formal,3569
bagna,3570
camia,3571
ginger,3572
cervo,3573
transfer,3574
rein,3575
chioccia,3576
remodel,3577
zabajon,3578
tender,3579
heinz,3580
king,3581
spici,3582
civitella,3583
email,3584
champagn,3585
trevigiana,3586
borgobrufa,3587
rovereto,3588
mango,3589
magnolia,3590
bellaria,3591
pollino,3592
amidst,3593
francesco,3594
glorenza,3595
bertelli,3596
narrowest,3597
counterpart,3598
collina,3599
gra,3600
enoteca,3601
climat,3602
fabrizi,3603
work,3604
stone,3605
purpos,3606
size,3607
commit,3608
patti,3609
ravello,3610
rebosio,3611
mediev,3612
watermil,3613
gravi,3614
pan,3615
countless,3616
porto,3617
region,3618
grandson,3619
w,3620
forio,3621
erasmo,3622
bellotti,3623
gastrosteria,3624
troccoli,3625
volp,3626
lanka,3627
ancona,3628
high,3629
monteriggioni,3630
129,3631
pellegrino,3632
adorn,3633
slogan,3634
polenta,3635
similar,3636
patagonian,3637
role,3638
babi,3639
tire,3640
surgic,3641
detail,3642
bank,3643
cantuccio,3644
poor,3645
kebab,3646
match,3647
sudden,3648
charm,3649
faraglioni,3650
itinerari,3651
courmayeur,3652
lanza,3653
surpris,3654
transatlant,3655
fifth,3656
strudel,3657
zecchin,3658
mark,3659
jame,3660
paola,3661
alta,3662
prussian,3663
grower,3664
span,3665
imperatori,3666
embellish,3667
ban,3668
adopt,3669
pesto,3670
level,3671
condit,3672
tantalis,3673
rosita,3674
soft,3675
calamaro,3676
iacopo,3677
cerrato,3678
would,3679
ventr,3680
iseo,3681
captur,3682
ann,3683
associ,3684
ju,3685
saddl,3686
saffron,3687
stand,3688
nightclub,3689
bacher,3690
todi,3691
pinot,3692
brasato,3693
mansion,3694
valeria,3695
australian,3696
3c,3697
naval,3698
angler,3699
brut,3700
napoleon,3701
affreschi,3702
rh,3703
florian,3704
niederkofl,3705
alik,3706
20km,3707
necessarili,3708
eugenio,3709
gargnano,3710
castrocaro,3711
found,3712
rosso,3713
solociccia,3714
compon,3715
rise,3716
1901,3717
cibreo,3718
colmetto,3719
lover,3720
nicola,3721
girella,3722
shelter,3723
predict,3724
widespread,3725
afor,3726
fezzardi,3727
emot,3728
500,3729
cordevigo,3730
certosa,3731
ride,3732
matteo,3733
silverwar,3734
line,3735
courtyard,3736
follow,3737
bartolucci,3738
guancial,3739
pleas,3740
fit,3741
livorno,3742
junip,3743
oil,3744
fulfil,3745
gremolata,3746
altitud,3747
gianello,3748
arriv,3749
25,3750
choos,3751
naturalit,3752
pagnotto,3753
fossombron,3754
element,3755
grain,3756
whether,3757
boutiqu,3758
maturato,3759
libero,3760
realiti,3761
sempion,3762
life,3763
officina,3764
imprint,3765
basi,3766
coratella,3767
countrysid,3768
specialist,3769
pineappl,3770
crow,3771
gabriel,3772
jamant,3773
accursio,3774
1968,3775
cabernet,3776
mixtur,3777
bougainvillea,3778
musciora,3779
loos,3780
similarli,3781
umbrichelli,3782
1971,3783
norbert,3784
loyal,3785
retro,3786
encircl,3787
nib,3788
versilian,3789
hoteli,3790
saor,3791
practis,3792
yoghurt,3793
io,3794
mora,3795
sweet,3796
berghotel,3797
vil,3798
dinato,3799
grassland,3800
cours,3801
incorpor,3802
battl,3803
augurio,3804
sprout,3805
observ,3806
lichen,3807
ivano,3808
tribut,3809
boil,3810
asolo,3811
monopoli,3812
along,3813
pure,3814
mean,3815
author,3816
jackson,3817
aretusi,3818
adri,3819
nazzarena,3820
essenc,3821
rug,3822
senes,3823
hamachi,3824
altrettanto,3825
giglio,3826
cheaper,3827
scoprir,3828
risen,3829
cuomo,3830
canocchia,3831
schio,3832
ellipsoid,3833
nobuya,3834
1614,3835
cat,3836
nautilu,3837
materi,3838
dug,3839
manti,3840
ramo,3841
monica,3842
carracci,3843
tirtlan,3844
arrigoni,3845
futur,3846
egnazia,3847
institut,3848
young,3849
china,3850
crackl,3851
firstli,3852
1865,3853
follina,3854
harvest,3855
romagnolo,3856
candlestick,3857
egg,3858
sile,3859
ciclopi,3860
anchor,3861
pizzi,3862
pansotti,3863
2007,3864
lukewarm,3865
guinea,3866
tower,3867
fondu,3868
ivrea,3869
integr,3870
spruce,3871
300ha,3872
2010,3873
clientel,3874
pappardel,3875
arlecchino,3876
mild,3877
lankan,3878
mazzoleni,3879
bay,3880
brunch,3881
unesco,3882
piacentina,3883
porcelli,3884
fiori,3885
betray,3886
career,3887
lunch,3888
note,3889
chop,3890
guarino,3891
pud,3892
parco,3893
tonola,3894
special,3895
bruno,3896
translat,3897
oldofredi,3898
kevin,3899
brother,3900
cornerston,3901
leopoldo,3902
franc,3903
tip,3904
il,3905
accolla,3906
antiqu,3907
villani,3908
quirinal,3909
umeboshi,3910
fat,3911
bohemian,3912
hour,3913
pepe,3914
cassata,3915
evoc,3916
ma,3917
pomegran,3918
mathia,3919
disappear,3920
truer,3921
dash,3922
matscher,3923
giardini,3924
campiello,3925
magredi,3926
showcas,3927
heat,3928
malaspina,3929
anna,3930
marc,3931
environ,3932
creeper,3933
lattuga,3934
tirami,3935
proxim,3936
vegetali,3937
jealous,3938
fundament,3939
path,3940
grassi,3941
montecristo,3942
bianchi,3943
minnuzza,3944
schlutzkrapfen,3945
dialect,3946
brightli,3947
emuls,3948
provenienti,3949
aragones,3950
grandfath,3951
vie,3952
del,3953
mauro,3954
pictur,3955
enchant,3956
vittoria,3957
skylin,3958
simpler,3959
slovenian,3960
cor,3961
voghera,3962
1994,3963
dine,3964
finanziera,3965
consid,3966
ciro,3967
pralin,3968
decor,3969
filindeu,3970
star,3971
ignor,3972
zazzeri,3973
blackboard,3974
parmigiana,3975
primit,3976
plant,3977
2022,3978
oub,3979
anthoni,3980
valva,3981
plu,3982
celebr,3983
concis,3984
ottima,3985
100ha,3986
pico,3987
filosofi,3988
coffer,3989
georg,3990
reinvent,3991
essenziali,3992
degre,3993
lazio,3994
tourist,3995
architectur,3996
seasid,3997
wholeheartedli,3998
satoshi,3999
1850,4000
complet,4001
cigar,4002
alghero,4003
makor,4004
foam,4005
seeport,4006
comandant,4007
summertim,4008
reloc,4009
pavan,4010
prefer,4011
referenc,4012
intensifi,4013
mouss,4014
may,4015
prestigi,4016
handwritten,4017
alajmo,4018
stefano,4019
jasmin,4020
kuppelrain,4021
malloreddu,4022
term,4023
pastur,4024
cracker,4025
her,4026
giacomello,4027
april,4028
ambienc,4029
giudecca,4030
reliabl,4031
mogano,4032
ruffano,4033
abou,4034
1890,4035
beat,4036
photograph,4037
companion,4038
sienes,4039
battipaglia,4040
specialti,4041
agricultur,4042
fracassi,4043
hen,4044
lakeshor,4045
stigghiola,4046
lo,4047
confini,4048
fulli,4049
dolom,4050
monfettini,4051
era,4052
europa,4053
anyth,4054
filippo,4055
bound,4056
consumm,4057
outskirt,4058
lava,4059
galli,4060
puccini,4061
svetoni,4062
discov,4063
inc,4064
motto,4065
dock,4066
bold,4067
cling,4068
impero,4069
tri,4070
ambiti,4071
crafun,4072
peci,4073
pepper,4074
ventricina,4075
earn,4076
biennal,4077
overseen,4078
mention,4079
worthi,4080
caramelis,4081
franco,4082
unspoilt,4083
menton,4084
stock,4085
radicchio,4086
pasquo,4087
prelud,4088
parolina,4089
1895,4090
soak,4091
liveliest,4092
valerio,4093
usai,4094
gatto,4095
lemon,4096
grew,4097
difficulti,4098
mattara,4099
szechuan,4100
giacomo,4101
hamburg,4102
volcan,4103
1961,4104
challeng,4105
venezuela,4106
innocenti,4107
faster,4108
arno,4109
greec,4110
bramea,4111
onto,4112
taught,4113
300m,4114
sensit,4115
mazzorbo,4116
bosco,4117
gerhard,4118
flaminio,4119
spice,4120
archway,4121
chosen,4122
fa,4123
borgo,4124
bartolini,4125
warhol,4126
gagini,4127
bonbon,4128
badia,4129
settepiatti,4130
risoni,4131
certain,4132
avenu,4133
giampiero,4134
breathtakingli,4135
resin,4136
wood,4137
gioie,4138
joint,4139
curtaton,4140
nella,4141
arcangelo,4142
chitarra,4143
richard,4144
shortag,4145
previous,4146
alongsid,4147
welcom,4148
climb,4149
guis,4150
might,4151
10,4152
michela,4153
menegaldo,4154
learnt,4155
termeno,4156
martina,4157
klaud,4158
7am,4159
quieter,4160
indefatig,4161
rino,4162
danilo,4163
russian,4164
three,4165
tartar,4166
visibl,4167
staircas,4168
warmth,4169
baldassar,4170
oleand,4171
shell,4172
osteria,4173
meal,4174
olmo,4175
favignana,4176
statuett,4177
tasso,4178
pois,4179
dashi,4180
umbria,4181
bresciana,4182
modest,4183
rest,4184
luisl,4185
attach,4186
classic,4187
fuss,4188
typic,4189
fabrizio,4190
nutmeg,4191
quick,4192
premis,4193
ricotta,4194
subtl,4195
speak,4196
raviolo,4197
stun,4198
cathedr,4199
sono,4200
mustard,4201
grosseto,4202
confid,4203
flourish,4204
lunigiana,4205
mupa,4206
casatiello,4207
gaze,4208
terracotta,4209
evoluzion,4210
equens,4211
butter,4212
nitto,4213
monachil,4214
haller,4215
stile,4216
yolk,4217
narrow,4218
bacio,4219
liner,4220
duomo,4221
undoubtedli,4222
compatriot,4223
anima,4224
collector,4225
citeroni,4226
exchang,4227
rispo,4228
freshli,4229
cross,4230
martini,4231
variat,4232
1618,4233
fisichella,4234
octob,4235
reimund,4236
iaccarino,4237
stefania,4238
piano,4239
effort,4240
jurist,4241
symbolis,4242
near,4243
lili,4244
gabrielli,4245
tristan,4246
intern,4247
busiest,4248
giorgia,4249
takeaway,4250
fritti,4251
bottom,4252
leaf,4253
goos,4254
1920,4255
clement,4256
sapid,4257
harbour,4258
meadow,4259
espelett,4260
tench,4261
rebuilt,4262
sheep,4263
catch,4264
castelmagno,4265
within,4266
oberhamm,4267
subdivid,4268
bagno,4269
hazel,4270
chiefli,4271
13c,4272
paper,4273
coxinendi,4274
varella,4275
snail,4276
confit,4277
manger,4278
pagliazza,4279
haunt,4280
black,4281
lovag,4282
smetana,4283
f,4284
english,4285
cava,4286
outstand,4287
vallio,4288
chip,4289
aim,4290
joy,4291
relief,4292
meat,4293
silkworm,4294
advantag,4295
gentian,4296
vincent,4297
caino,4298
vitel,4299
fune,4300
scialatielli,4301
arsenal,4302
lele,4303
marrocco,4304
closer,4305
cipressi,4306
rho,4307
oven,4308
homag,4309
busa,4310
struck,4311
torta,4312
even,4313
entri,4314
peru,4315
dall,4316
risorgimento,4317
flow,4318
nunziata,4319
hustl,4320
express,4321
ala,4322
intertwin,4323
fuori,4324
elm,4325
puntarel,4326
said,4327
alba,4328
sottovoc,4329
renzo,4330
arancino,4331
giandomenico,4332
bellabarba,4333
golfi,4334
blindfold,4335
creat,4336
montal,4337
travel,4338
sizzl,4339
austrian,4340
bolognina,4341
onion,4342
biodivers,4343
saltimbocca,4344
entrust,4345
sculptur,4346
vaiani,4347
silva,4348
problem,4349
borrow,4350
north,4351
oltrep,4352
raia,4353
partnership,4354
ss13,4355
elisabeth,4356
softli,4357
positano,4358
cappelletti,4359
linguin,4360
blumenstub,4361
inhabit,4362
acorn,4363
fillet,4364
romana,4365
1939,4366
intestin,4367
airi,4368
brembo,4369
brutto,4370
foie,4371
petru,4372
catherin,4373
pre,4374
quarta,4375
masterpiec,4376
torchiettibistro,4377
dove,4378
nuov,4379
mixolog,4380
hanger,4381
mario,4382
candela,4383
bottagisio,4384
frantoio,4385
papaya,4386
scotti,4387
6pm,4388
crema,4389
exquisit,4390
tropea,4391
convey,4392
unforgett,4393
palumbo,4394
croccantezza,4395
excurs,4396
fish,4397
name,4398
airaudo,4399
patienc,4400
genoveffa,4401
svevo,4402
albergo,4403
preposit,4404
ciliegi,4405
riesl,4406
heiss,4407
coco,4408
reassur,4409
giorgio,4410
help,4411
succe,4412
seregno,4413
iorio,4414
tavolara,4415
ivan,4416
amphitheatr,4417
granda,4418
destin,4419
michael,4420
contain,4421
button,4422
ciotti,4423
marzio,4424
spheric,4425
beech,4426
framura,4427
panel,4428
cantucci,4429
brazil,4430
francica,4431
shabbi,4432
confirm,4433
dirt,4434
pietra,4435
night,4436
farmhous,4437
entrail,4438
umberto,4439
indoor,4440
like,4441
authent,4442
far,4443
front,4444
run,4445
decid,4446
botan,4447
minestra,4448
conceiv,4449
complement,4450
boschi,4451
monastero,4452
revolutionis,4453
vinaigrett,4454
chines,4455
mazzafegato,4456
simonato,4457
simon,4458
murato,4459
locomot,4460
outbuild,4461
infal,4462
tondo,4463
grand,4464
novemb,4465
runat,4466
35min,4467
sturgeon,4468
mariella,4469
moreno,4470
frothi,4471
aspic,4472
midday,4473
cut,4474
ideal,4475
fondant,4476
lingotto,4477
ischian,4478
deconsecr,4479
mulberri,4480
spong,4481
carrega,4482
contrari,4483
give,4484
soil,4485
melandri,4486
flavia,4487
evapor,4488
compris,4489
alp,4490
dumpl,4491
cumin,4492
bendato,4493
eye,4494
speed,4495
undiminish,4496
acquerello,4497
mirror,4498
postorino,4499
round,4500
eaten,4501
twentieth,4502
spinach,4503
venetian,4504
palat,4505
macello,4506
scapec,4507
vittorio,4508
raw,4509
cucina,4510
gazebo,4511
gondola,4512
1965,4513
garag,4514
pivot,4515
bounti,4516
futurist,4517
predomin,4518
basso,4519
synonym,4520
ricchebono,4521
content,4522
gramigna,4523
coppa,4524
promontori,4525
till,4526
berico,4527
individu,4528
maintain,4529
sonya,4530
municip,4531
crescenzo,4532
1977,4533
sommit,4534
proudli,4535
recco,4536
applaud,4537
scalinata,4538
pennisi,4539
centofanti,4540
tonino,4541
drink,4542
uruguay,4543
spectrum,4544
pacchero,4545
cater,4546
greater,4547
aimo,4548
chiara,4549
parmens,4550
comfort,4551
cant,4552
tart,4553
argaj,4554
langa,4555
crest,4556
piev,4557
orob,4558
simplic,4559
breadstick,4560
summaris,4561
francescana,4562
mediterranean,4563
alciati,4564
emblem,4565
chri,4566
hearti,4567
doubt,4568
tourism,4569
intrigu,4570
pontino,4571
palai,4572
libera,4573
langoustin,4574
vermouth,4575
fiamma,4576
estat,4577
monasteri,4578
tuttoilresto,4579
marsh,4580
mist,4581
pen,4582
phone,4583
corvara,4584
morra,4585
cascinalenuovo,4586
brera,4587
parasol,4588
pimpernel,4589
stem,4590
husband,4591
kuroda,4592
gerani,4593
alemb,4594
monti,4595
culmin,4596
mantova,4597
cantones,4598
phi,4599
cappellaccio,4600
koji,4601
piacenza,4602
tack,4603
thermal,4604
200th,4605
bagheria,4606
1804,4607
permeat,4608
ca,4609
venaria,4610
process,4611
saporito,4612
iva,4613
expans,4614
pattern,4615
brandacujun,4616
fridg,4617
artisan,4618
lomellina,4619
bardini,4620
vigevano,4621
sapio,4622
mercato,4623
filippi,4624
sculpt,4625
tradizion,4626
celest,4627
net,4628
monza,4629
biagiola,4630
lana,4631
londr,4632
provola,4633
g,4634
letter,4635
fill,4636
dual,4637
cimini,4638
oper,4639
constantli,4640
geometr,4641
sformato,4642
slow,4643
naiv,4644
vinilia,4645
refin,4646
rich,4647
14,4648
quintessenza,4649
impecc,4650
econom,4651
settl,4652
allow,4653
price,4654
rooftop,4655
part,4656
8pm,4657
theoret,4658
carannant,4659
richli,4660
1862,4661
refer,4662
abruzzes,4663
hous,4664
noth,4665
desenzano,4666
marconi,4667
alberto,4668
mazara,4669
selva,4670
symbol,4671
long,4672
idea,4673
abbadia,4674
gianduia,4675
carnaghi,4676
piastrino,4677
dip,4678
vino,4679
maximum,4680
gabicc,4681
camilla,4682
hord,4683
birth,4684
rump,4685
bosana,4686
fratelli,4687
ramen,4688
societ,4689
marostica,4690
partenop,4691
capac,4692
erba,4693
cap,4694
yoji,4695
reggiana,4696
mill,4697
bath,4698
forget,4699
trattoria,4700
afternoon,4701
money,4702
sei,4703
11am,4704
particolar,4705
costoletta,4706
camiano,4707
hallmark,4708
caramel,4709
moro,4710
nass,4711
vanacor,4712
ancient,4713
commerci,4714
elong,4715
later,4716
ristoclub,4717
chive,4718
iconica,4719
block,4720
movement,4721
freeli,4722
quintilio,4723
fasson,4724
traffic,4725
galtarossa,4726
sardin,4727
writer,4728
tablewar,4729
paprika,4730
scottish,4731
inmat,4732
exhibit,4733
capitan,4734
mengoni,4735
calamarro,4736
accumul,4737
blason,4738
marianna,4739
merit,4740
emphasis,4741
hop,4742
arnei,4743
sparingli,4744
ancestr,4745
sergeev,4746
1870,4747
reggia,4748
soon,4749
tufa,4750
immortalis,4751
doronzo,4752
ii,4753
bo,4754
gratin,4755
characterist,4756
mind,4757
botania,4758
ezio,4759
perfectli,4760
sacchi,4761
farewel,4762
kuccagna,4763
unconvent,4764
intellig,4765
weather,4766
ichikawa,4767
photogen,4768
caoda,4769
modesti,4770
gourmethotel,4771
sfoglia,4772
dialogu,4773
21,4774
fiera,4775
aglianico,4776
ethic,4777
cimbron,4778
busier,4779
lavazza,4780
numana,4781
unexpect,4782
antinori,4783
miori,4784
reason,4785
entrecot,4786
haziri,4787
rampant,4788
increas,4789
villag,4790
fee,4791
marbl,4792
poetri,4793
rizzuto,4794
bucchero,4795
castelvetro,4796
bronz,4797
eater,4798
appoint,4799
punctual,4800
baron,4801
stellaria,4802
radish,4803
galateo,4804
enea,4805
pirro,4806
hyatt,4807
maze,4808
trucco,4809
trentingrana,4810
gener,4811
spezial,4812
barrel,4813
salcheto,4814
foremost,4815
grandios,4816
tandoori,4817
gourmet,4818
quintogusto,4819
avail,4820
prettiest,4821
easi,4822
cucumb,4823
huber,4824
frutti,4825
po,4826
fireplac,4827
corridor,4828
terrin,4829
stronghold,4830
improv,4831
true,4832
fasano,4833
stockfish,4834
stall,4835
bella,4836
shift,4837
succeed,4838
arch,4839
mongiat,4840
iannotti,4841
hazelnut,4842
wholem,4843
sensat,4844
camomil,4845
chang,4846
ad,4847
shortli,4848
terrac,4849
overlook,4850
lagrein,4851
sulmona,4852
frosio,4853
scorpion,4854
conceal,4855
stunningli,4856
000m,4857
grace,4858
expertis,4859
mentor,4860
cossio,4861
friendli,4862
miramonti,4863
strong,4864
regal,4865
cold,4866
sceneri,4867
sciliar,4868
joyc,4869
el,4870
charcuteri,4871
scottona,4872
pici,4873
boulder,4874
battisti,4875
lengthi,4876
bench,4877
tajarin,4878
bell,4879
past,4880
easter,4881
gallo,4882
accomplish,4883
roll,4884
provinc,4885
nardini,4886
peac,4887
background,4888
polpo,4889
granit,4890
love,4891
superior,4892
beef,4893
tokuyoshi,4894
piemont,4895
lucan,4896
angiolieri,4897
evangelista,4898
buzz,4899
handmad,4900
barolo,4901
monco,4902
hashbe,4903
orangeri,4904
memorabilia,4905
tomahawk,4906
ducal,4907
gentl,4908
escabech,4909
em,4910
scheme,4911
cow,4912
neighborhood,4913
ascani,4914
kombu,4915
attimi,4916
undeni,4917
stella,4918
januari,4919
eatali,4920
marrow,4921
boat,4922
chestnut,4923
area,4924
merchant,4925
coat,4926
sicili,4927
wagyu,4928
sale,4929
ahead,4930
prove,4931
manuelina,4932
aya,4933
controversi,4934
origin,4935
mysteri,4936
depend,4937
troop,4938
nzia,4939
slaughterhous,4940
exit,4941
green,4942
lucio,4943
50,4944
step,4945
mexican,4946
amid,4947
gala,4948
gasthau,4949
left,4950
care,4951
home,4952
gracious,4953
salada,4954
evelyn,4955
sagrestia,4956
pork,4957
armchair,4958
umbrian,4959
firework,4960
planeta,4961
gallar,4962
us,4963
maial,4964
mainland,4965
back,4966
plaza,4967
spinechil,4968
spa,4969
cagliaritana,4970
scarpetta,4971
stage,4972
tirtl,4973
sorbet,4974
luserna,4975
asia,4976
spatula,4977
whole,4978
superb,4979
buca,4980
imperi,4981
timelessli,4982
abli,4983
lodg,4984
cornaredo,4985
penthous,4986
geographi,4987
six,4988
picnic,4989
thailand,4990
colli,4991
preciou,4992
fiordilatt,4993
fifteen,4994
masanti,4995
hardli,4996
lombardian,4997
fail,4998
abandon,4999
public,5000
milanes,5001
ruggiero,5002
mash,5003
fogolar,5004
paolo,5005
earthquak,5006
contact,5007
felic,5008
maicol,5009
central,5010
rib,5011
slovenia,5012
chiusi,5013
gaudenzio,5014
coquu,5015
barg,5016
water,5017
amalfi,5018
tempura,5019
fogli,5020
men,5021
moi,5022
healthi,5023
rosina,5024
beet,5025
cool,5026
recommend,5027
pezzogna,5028
finocchiaro,5029
label,5030
bulgari,5031
mad100,5032
cefal,5033
tempt,5034
cheer,5035
monfort,5036
diner,5037
tuff,5038
terzavia,5039
festiv,5040
silenc,5041
smaller,5042
fil,5043
brighten,5044
crispi,5045
hors,5046
fishermen,5047
sforzesco,5048
francesca,5049
flavor,5050
duca,5051
une,5052
immacolata,5053
pordenon,5054
ilario,5055
guestroom,5056
spot,5057
pasta,5058
comunal,5059
nemi,5060
pazientina,5061
bachmann,5062
excess,5063
stracotto,5064
number,5065
baglioni,5066
jut,5067
madoni,5068
jorg,5069
warmli,5070
tournedo,5071
1996,5072
laetitia,5073
laundri,5074
elefant,5075
quadrilater,5076
valzelli,5077
savarin,5078
luri,5079
vera,5080
mine,5081
proudest,5082
antechamb,5083
camp,5084
mostli,5085
mantarro,5086
depot,5087
fortress,5088
spit,5089
cason,5090
costantini,5091
nuvola,5092
bladder,5093
gainn,5094
compet,5095
consider,5096
taverna,5097
totano,5098
mosaic,5099
madama,5100
indonesian,5101
stanc,5102
montefollonico,5103
tuscan,5104
palmento,5105
music,5106
sear,5107
marina,5108
flan,5109
nut,5110
hue,5111
1885,5112
montagna,5113
sugar,5114
smoki,5115
ident,5116
acanto,5117
luisa,5118
quel,5119
campania,5120
velout,5121
leccarda,5122
oscar,5123
sformatino,5124
technolog,5125
pastureland,5126
leas,5127
mural,5128
malga,5129
perciasacchi,5130
locali,5131
describ,5132
ink,5133
rombo,5134
mid,5135
guida,5136
arrosticini,5137
bu,5138
concattedral,5139
sassari,5140
gloriou,5141
crostini,5142
fabul,5143
polda,5144
24hr,5145
versatil,5146
propos,5147
reserv,5148
1903,5149
agostini,5150
nonna,5151
natal,5152
mirto,5153
lama,5154
identifi,5155
di,5156
spelt,5157
veget,5158
beam,5159
helm,5160
england,5161
inter,5162
boccadass,5163
restor,5164
biscotti,5165
lido,5166
germani,5167
salti,5168
pompei,5169
restrain,5170
pak,5171
seen,5172
elia,5173
radetzki,5174
bottarga,5175
pigeon,5176
courteou,5177
ounc,5178
palamaro,5179
versilia,5180
marzullo,5181
sugo,5182
offici,5183
pescatora,5184
today,5185
screen,5186
vescovil,5187
umbrin,5188
plankton,5189
candia,5190
lacco,5191
suprem,5192
vin,5193
domin,5194
perugia,5195
fowl,5196
alpin,5197
osashimi,5198
gate,5199
giada,5200
rabbit,5201
aost,5202
pick,5203
120,5204
testaccio,5205
ahim,5206
anolini,5207
win,5208
plissn,5209
adriatico,5210
cusago,5211
detract,5212
hadrian,5213
nutriti,5214
extraordinarili,5215
nicastro,5216
panorama,5217
makeov,5218
dentex,5219
danc,5220
discreet,5221
al,5222
puglian,5223
youth,5224
fact,5225
stephan,5226
vito,5227
amount,5228
impronta,5229
taormina,5230
laghetto,5231
guess,5232
valtellina,5233
paramount,5234
gard,5235
tend,5236
perpendicular,5237
wheat,5238
chair,5239
centr,5240
uninterrupt,5241
alighiero,5242
entic,5243
degan,5244
heavi,5245
minim,5246
divers,5247
twenti,5248
leocorno,5249
jetti,5250
turkish,5251
involv,5252
fritta,5253
villanova,5254
sweetcorn,5255
offer,5256
pancotto,5257
made,5258
banfi,5259
lettuc,5260
flatbread,5261
rosmarino,5262
shark,5263
articl,5264
pr,5265
trasimeno,5266
caponata,5267
eel,5268
carrozza,5269
sleep,5270
savour,5271
cultur,5272
adriatica,5273
gain,5274
proposta,5275
expos,5276
distinct,5277
viaggi,5278
tentacl,5279
dv,5280
reli,5281
pharmaci,5282
santoro,5283
intrusi,5284
1693,5285
magnini,5286
pop,5287
manag,5288
polignano,5289
na,5290
nobl,5291
live,5292
criteria,5293
ulmo,5294
porter,5295
bottura,5296
coada,5297
vibo,5298
feuerstein,5299
stonework,5300
histor,5301
bellagio,5302
sweetbread,5303
bernardi,5304
birrami,5305
almond,5306
corpo,5307
burrida,5308
ventimiglia,5309
tenderloin,5310
lawn,5311
matera,5312
finger,5313
enjoy,5314
fan,5315
cell,5316
palaud,5317
sensibl,5318
lucassino,5319
clime,5320
speranzina,5321
orlando,5322
1km,5323
malcesin,5324
donn,5325
monterozzi,5326
ghezzi,5327
funicular,5328
vistamar,5329
cacao,5330
admiss,5331
alleyway,5332
bellini,5333
sensori,5334
montepulciano,5335
vendemmia,5336
rapha,5337
antipasto,5338
payabl,5339
loggia,5340
arcad,5341
absolut,5342
tale,5343
sustain,5344
maiz,5345
bento,5346
interact,5347
freshest,5348
hilltop,5349
edoardo,5350
1478,5351
chanterel,5352
bistro,5353
nois,5354
stylemora,5355
expo,5356
torr,5357
marzamemi,5358
pino,5359
greco,5360
ironi,5361
pignatelli,5362
petriolo,5363
industri,5364
cjarson,5365
mi,5366
4,5367
declar,5368
santamonica,5369
misurina,5370
firm,5371
paragon,5372
bechamel,5373
bulk,5374
uphil,5375
intim,5376
rear,5377
abil,5378
sagramoso,5379
baldessari,5380
rasa,5381
franciosi,5382
regularli,5383
nightlif,5384
partner,5385
kilometr,5386
appetis,5387
rais,5388
suckl,5389
deepli,5390
could,5391
satisfi,5392
behind,5393
hand,5394
salviati,5395
spirit,5396
canino,5397
paestum,5398
household,5399
corbusi,5400
caravello,5401
torregrotta,5402
grape,5403
sport,5404
bergamot,5405
pleasantli,5406
palm,5407
piatti,5408
least,5409
forino,5410
impass,5411
expon,5412
arancina,5413
coach,5414
predominantli,5415
tataki,5416
real,5417
indigo,5418
grasso,5419
voyag,5420
rock,5421
obstacl,5422
sacristi,5423
accent,5424
milda,5425
kombucha,5426
hosteria,5427
livia,5428
garbanzo,5429
salt,5430
weekli,5431
saturday,5432
flank,5433
gorini,5434
marisa,5435
project,5436
opportun,5437
sassoferrato,5438
founder,5439
maniago,5440
evidenc,5441
heinrich,5442
relazioni,5443
wallpap,5444
fold,5445
delmont,5446
frati,5447
grill,5448
subida,5449
hope,5450
attempt,5451
adject,5452
1991,5453
pacentro,5454
version,5455
coloni,5456
kelina,5457
fernando,5458
fli,5459
away,5460
brugiano,5461
gola,5462
format,5463
rita,5464
8,5465
fidati,5466
parallel,5467
lentil,5468
chemistri,5469
hang,5470
dnerhof,5471
zanini,5472
centenari,5473
sho,5474
punt,5475
gavi,5476
tofan,5477
tutto,5478
napoli,5479
celebratori,5480
cannolo,5481
800m,5482
given,5483
enel,5484
marcello,5485
locatello,5486
barberini,5487
fortifi,5488
meet,5489
trezzo,5490
ventur,5491
lost,5492
nearest,5493
redevelop,5494
casentino,5495
carnian,5496
giulia,5497
philosophi,5498
falco,5499
cahssai,5500
renov,5501
stube,5502
nicolosi,5503
character,5504
scopiccio,5505
neri,5506
sheer,5507
chapter,5508
cavallo,5509
drawn,5510
silhav,5511
initi,5512
sanremo,5513
pipero,5514
termini,5515
must,5516
forag,5517
meravigliao,5518
atyp,5519
isarco,5520
astonish,5521
undergon,5522
perch,5523
distil,5524
cristo,5525
interestingli,5526
roberto,5527
pisani,5528
natur,5529
burn,5530
ambit,5531
reign,5532
grasparossa,5533
newli,5534
montanara,5535
cityscap,5536
caravella,5537
chi,5538
acquapetra,5539
solo,5540
contrast,5541
shaken,5542
vertical,5543
offshoot,5544
scelta,5545
bocca,5546
gobbi,5547
nunzio,5548
1704,5549
gisela,5550
newer,5551
cun,5552
ostiens,5553
meschio,5554
holzner,5555
sfogliatina,5556
limeston,5557
nb,5558
file,5559
migrant,5560
entitl,5561
centocel,5562
naxo,5563
smart,5564
marmalad,5565
streamlin,5566
oh,5567
millston,5568
leonardi,5569
qafiz,5570
tang,5571
volcano,5572
murges,5573
pasticceria,5574
reput,5575
200,5576
standout,5577
led,5578
signora,5579
undoubt,5580
pernic,5581
market,5582
pascucci,5583
german,5584
gift,5585
blaze,5586
rag,5587
annamaria,5588
timber,5589
fonduta,5590
characteris,5591
met,5592
contrada,5593
fare,5594
teles,5595
overcom,5596
20min,5597
almost,5598
trend,5599
pranzo,5600
theme,5601
cala,5602
sassolungo,5603
epoca,5604
biolo,5605
palermino,5606
got,5607
underli,5608
orientali,5609
affect,5610
morn,5611
lmo,5612
port,5613
degli,5614
engag,5615
luchino,5616
lorelei,5617
amici,5618
honey,5619
agnoli,5620
chessa,5621
caponada,5622
majest,5623
wellington,5624
select,5625
diet,5626
antonini,5627
verdant,5628
tenerumi,5629
artist,5630
unmistak,5631
gurnard,5632
prosciutto,5633
fri,5634
realli,5635
tall,5636
cave,5637
foothil,5638
sirmion,5639
silhouett,5640
landi,5641
azur,5642
hall,5643
bread,5644
unsurprisingli,5645
oro,5646
parlour,5647
lepor,5648
fabrizia,5649
spilimbergo,5650
sign,5651
battuta,5652
marini,5653
contemporan,5654
specif,5655
overse,5656
carta,5657
memor,5658
leonardo,5659
unstuffi,5660
leemann,5661
sicignano,5662
flora,5663
feltr,5664
nobless,5665
accompani,5666
1940,5667
erbazzon,5668
staf,5669
quit,5670
charismat,5671
sard,5672
quail,5673
cetona,5674
luciana,5675
castl,5676
scottojonno,5677
peca,5678
vanessa,5679
capestrano,5680
impos,5681
whitewash,5682
emanuel,5683
oblig,5684
patat,5685
dogg,5686
chain,5687
papa,5688
parker,5689
citt,5690
tapestri,5691
silvestro,5692
shrimp,5693
alici,5694
shorelin,5695
20,5696
case,5697
custom,5698
tablet,5699
gyoza,5700
montecuccoli,5701
1mq,5702
horseradish,5703
rapolano,5704
stara,5705
furnitur,5706
other,5707
fishhead,5708
assur,5709
arrosto,5710
udin,5711
occupi,5712
jovial,5713
link,5714
paella,5715
silvia,5716
lino,5717
rare,5718
passion,5719
bunet,5720
marches,5721
post,5722
glad,5723
lucania,5724
cauldron,5725
written,5726
strozzi,5727
tastebud,5728
method,5729
albenga,5730
adventur,5731
naviglio,5732
aesthet,5733
saracca,5734
cv,5735
nissen,5736
passageway,5737
22,5738
cipolla,5739
ball,5740
isol,5741
deserv,5742
per,5743
skil,5744
agnolotti,5745
bacoli,5746
geiser,5747
gianfilippo,5748
tantri,5749
red,5750
petra,5751
siviero,5752
hail,5753
sauerkraut,5754
cambio,5755
arnolfo,5756
mould,5757
annunziata,5758
pastissada,5759
thyme,5760
siracusa,5761
wonder,5762
boglioli,5763
minimalist,5764
hydroelectr,5765
tool,5766
sever,5767
somewher,5768
employe,5769
irpinia,5770
girasoli,5771
1926,5772
pierantonio,5773
remot,5774
siena,5775
candlelight,5776
aulenti,5777
eugenia,5778
capanna,5779
pomposa,5780
luca,5781
mudec,5782
corbara,5783
transport,5784
liquida,5785
mandura,5786
seminario,5787
tortellant,5788
spent,5789
feo,5790
mellino,5791
heed,5792
ti,5793
molis,5794
coldana,5795
refurbish,5796
bolgheri,5797
guarante,5798
storia,5799
romeo,5800
opposit,5801
short,5802
tommaso,5803
good,5804
nive,5805
whatev,5806
bandwagon,5807
triumph,5808
pancetta,5809
curat,5810
includ,5811
stair,5812
plenti,5813
ferran,5814
tassa,5815
barbecu,5816
ettor,5817
bordighera,5818
vers,5819
sardinian,5820
roam,5821
1960,5822
oneglia,5823
abroad,5824
nutrit,5825
pella,5826
mini,5827
imposs,5828
sosta,5829
castelpoto,5830
vernaccia,5831
1959,5832
smeraldo,5833
casertona,5834
lyche,5835
ceraudo,5836
1800,5837
1912,5838
broader,5839
canossa,5840
illustr,5841
ciaffagnon,5842
brambilla,5843
cane,5844
ugolotti,5845
fussi,5846
missoltino,5847
catucci,5848
mao,5849
timeless,5850
inspir,5851
pizzeria,5852
attract,5853
marchini,5854
antonio,5855
next,5856
holder,5857
calm,5858
2024quarto,5859
remo,5860
read,5861
waltz,5862
constant,5863
abbazia,5864
vital,5865
outsid,5866
parizzi,5867
soup,5868
boar,5869
moessmer,5870
glori,5871
prest,5872
numer,5873
100m,5874
grottino,5875
fabric,5876
burkhard,5877
fed,5878
overview,5879
vermentino,5880
piedmontes,5881
month,5882
fior,5883
comput,5884
camillo,5885
exot,5886
cr,5887
cervia,5888
volta,5889
bar,5890
outcrop,5891
rebrand,5892
liter,5893
breeder,5894
regret,5895
tinari,5896
creami,5897
pavilion,5898
santini,5899
rossini,5900
brunner,5901
glamor,5902
breuil,5903
worthwhil,5904
surround,5905
domenico,5906
lesina,5907
sprung,5908
marinad,5909
riso,5910
brazier,5911
beer,5912
store,5913
aic,5914
aquarium,5915
senator,5916
park,5917
taratat,5918
bab,5919
refuge,5920
capretta,5921
bassano,5922
facil,5923
monviso,5924
chilli,5925
gene,5926
raciti,5927
dish,5928
tortelli,5929
rhubarb,5930
pride,5931
carpaccio,5932
seneca,5933
finer,5934
sfogli,5935
trophi,5936
uliassi,5937
te,5938
quantiti,5939
wait,5940
tea,5941
gualtieri,5942
pie,5943
ticket,5944
sector,5945
albereta,5946
settembr,5947
cilenti,5948
adjust,5949
strongli,5950
nogher,5951
diario,5952
chees,5953
lloyd,5954
san,5955
jam,5956
samphir,5957
blanch,5958
campagna,5959
bruxaboschi,5960
say,5961
ttelbrot,5962
man,5963
casamadr,5964
fanci,5965
rivarola,5966
eastern,5967
ferrara,5968
better,5969
approxim,5970
guarneri,5971
pisciotta,5972
taral,5973
patio,5974
idylio,5975
niccol,5976
italian,5977
800,5978
federica,5979
dent,5980
barbanera,5981
apostl,5982
shiso,5983
convert,5984
caper,5985
tortino,5986
london,5987
nin,5988
soldier,5989
dynasti,5990
r,5991
lead,5992
explan,5993
sow,5994
heavili,5995
bica,5996
intric,5997
revolv,5998
sebada,5999
sardinia,6000
calabria,6001
spimpolo,6002
appli,6003
lit,6004
regard,6005
hair,6006
sassongh,6007
centrepiec,6008
add,6009
privaci,6010
pumpkin,6011
ornat,6012
knowledg,6013
novic,6014
uda,6015
forl,6016
competit,6017
reggiano,6018
pelizzari,6019
suburb,6020
easili,6021
undisput,6022
rather,6023
rex,6024
perno,6025
moorish,6026
warm,6027
lungarno,6028
toblino,6029
strict,6030
age,6031
ochr,6032
pollock,6033
rana,6034
hurri,6035
katia,6036
fine,6037
muro,6038
convers,6039
tuorlo,6040
reduc,6041
small,6042
basil,6043
tini,6044
autist,6045
column,6046
inherit,6047
bue,6048
bernardo,6049
acquarol,6050
angiolucci,6051
beauti,6052
vivalda,6053
dolomit,6054
prison,6055
site,6056
gianpaolo,6057
canap,6058
aplomb,6059
great,6060
ask,6061
100,6062
grate,6063
extend,6064
gambero,6065
zaki,6066
pari,6067
30pm,6068
earli,6069
vallefredda,6070
horatio,6071
graduat,6072
shoot,6073
export,6074
feat,6075
rainer,6076
arabo,6077
candl,6078
power,6079
european,6080
consumpt,6081
caterina,6082
vulcano,6083
window,6084
zass,6085
mart,6086
mar,6087
develop,6088
montreal,6089
filippino,6090
gin,6091
emozioni,6092
augusto,6093
flawless,6094
dna,6095
panzerotti,6096
tranquil,6097
boffa,6098
morel,6099
viareggio,6100
brain,6101
sea,6102
bridg,6103
cube,6104
box,6105
male,6106
bianconi,6107
academi,6108
momento,6109
moma,6110
interest,6111
crop,6112
majolica,6113
eraclio,6114
ossobuco,6115
pilgrim,6116
transpar,6117
leali,6118
jerusalem,6119
posillipo,6120
ferment,6121
pig,6122
laguna,6123
excit,6124
santino,6125
request,6126
flute,6127
vignola,6128
fishmong,6129
pool,6130
grappa,6131
afford,6132
agre,6133
procedur,6134
cattaneo,6135
shank,6136
ghirlanda,6137
moura,6138
kr,6139
contemporaneo,6140
broth,6141
recharg,6142
brass,6143
winckel,6144
bisqu,6145
agavi,6146
polystyren,6147
sofa,6148
intend,6149
appear,6150
glass,6151
italia,6152
cantarelli,6153
como,6154
stabl,6155
item,6156
necessari,6157
trabe,6158
proceed,6159
piombino,6160
banal,6161
andi,6162
rosa,6163
ripetta,6164
memoria,6165
minimis,6166
manich,6167
bagni,6168
gronchi,6169
galeata,6170
casa,6171
brazilian,6172
straight,6173
bressanon,6174
folli,6175
embark,6176
frammenti,6177
rend,6178
eventu,6179
east,6180
anfiteatro,6181
ampl,6182
experiment,6183
saltwat,6184
map,6185
send,6186
sprinkl,6187
palazzi,6188
letterina,6189
obsess,6190
broke,6191
entertain,6192
thinnest,6193
former,6194
palac,6195
viviana,6196
plum,6197
season,6198
vibe,6199
fusion,6200
adriano,6201
vomero,6202
albavilla,6203
splendour,6204
horizon,6205
gianni,6206
fleme,6207
switzerland,6208
urbino,6209
expect,6210
boredom,6211
first,6212
memori,6213
ciauscolo,6214
apt,6215
nora,6216
navona,6217
golf,6218
saba,6219
plain,6220
muddica,6221
applic,6222
formerli,6223
rialto,6224
crenel,6225
explod,6226
luxuri,6227
omakas,6228
pontinia,6229
alchemi,6230
sort,6231
aurina,6232
jelli,6233
troisi,6234
peopl,6235
maker,6236
greet,6237
admit,6238
purchas,6239
enabl,6240
ox,6241
fairli,6242
enhanc,6243
fewer,6244
vesuviu,6245
keyston,6246
theodor,6247
proverb,6248
fresca,6249
vatican,6250
vase,6251
protagonist,6252
arrang,6253
resolut,6254
mission,6255
pet,6256
1967,6257
swap,6258
16,6259
dell,6260
teriyaki,6261
craft,6262
nina,6263
venezia,6264
code,6265
cinti,6266
finess,6267
quattro,6268
valid,6269
acireal,6270
bacchu,6271
particularli,6272
moat,6273
revolutionari,6274
instead,6275
teverini,6276
enviabl,6277
kept,6278
empanada,6279
probiz,6280
vanilla,6281
c,6282
resort,6283
scottadito,6284
falser,6285
provocazioni,6286
scomponibili,6287
success,6288
santa,6289
annex,6290
prati,6291
longer,6292
yet,6293
surviv,6294
cornic,6295
eight,6296
knit,6297
modo,6298
classici,6299
oristano,6300
everi,6301
silvio,6302
mascia,6303
uninterest,6304
sitzigorru,6305
namelaka,6306
catania,6307
1930,6308
1585,6309
share,6310
11,6311
weekday,6312
alon,6313
relax,6314
lab,6315
award,6316
nino,6317
powder,6318
vine,6319
kong,6320
half,6321
pair,6322
bruschetta,6323
maritim,6324
temperatur,6325
etc,6326
descent,6327
chose,6328
bazzano,6329
dipino,6330
archangel,6331
intesa,6332
veranda,6333
sontuosi,6334
lakesid,6335
umbertid,6336
lecc,6337
understand,6338
whichev,6339
macaroon,6340
1956,6341
borag,6342
guid,6343
underpin,6344
capres,6345
infus,6346
enthusiast,6347
resourc,6348
contaminazioni,6349
col,6350
granari,6351
occhio,6352
novo,6353
freshwat,6354
ronchetto,6355
ran,6356
pe,6357
maioni,6358
mullet,6359
third,6360
gran,6361
tell,6362
bustl,6363
amiata,6364
hunt,6365
color,6366
bernes,6367
enbogon,6368
environment,6369
sicilian,6370
product,6371
contemporari,6372
famili,6373
capo,6374
event,6375
strengthen,6376
padano,6377
noto,6378
pleasur,6379
trout,6380
alga,6381
corn,6382
easier,6383
connoisseur,6384
roquefort,6385
ciuffetelli,6386
velveti,6387
trentini,6388
arva,6389
rightli,6390
glaze,6391
mutton,6392
scale,6393
basement,6394
scampi,6395
solina,6396
elena,6397
lavagna,6398
calistri,6399
35,6400
new,6401
alreadi,6402
build,6403
portion,6404
vezzani,6405
cognac,6406
orchestr,6407
delicatessen,6408
acclaim,6409
seabream,6410
vita,6411
cozzi,6412
organ,6413
cardi,6414
thick,6415
takahiko,6416
perbellini,6417
faith,6418
produttori,6419
1980,6420
southernmost,6421
karim,6422
glowig,6423
advis,6424
blanc,6425
skyscrap,6426
acreid,6427
mattei,6428
kaiseki,6429
scordo,6430
mile,6431
un,6432
clean,6433
aperitif,6434
matares,6435
beig,6436
14c,6437
caputo,6438
piazzal,6439
serv,6440
speci,6441
brusson,6442
signatur,6443
place,6444
big,6445
stylish,6446
apricot,6447
sett,6448
book,6449
beccafico,6450
notabl,6451
properti,6452
brenta,6453
possoni,6454
cloister,6455
turmer,6456
collio,6457
anto,6458
scenic,6459
ferretto,6460
marecchia,6461
put,6462
giardino,6463
capriat,6464
split,6465
factori,6466
circella,6467
singer,6468
ghedini,6469
alcherm,6470
tradit,6471
archestrato,6472
specialis,6473
rotat,6474
sav,6475
belli,6476
tailor,6477
zuppa,6478
nicolini,6479
hare,6480
ristretto,6481
torri,6482
philip,6483
farmyard,6484
bruzzon,6485
azienda,6486
duti,6487
passioni,6488
scandinavia,6489
nduja,6490
giancarlo,6491
valpolicella,6492
cerea,6493
fornari,6494
tour,6495
cycl,6496
hill,6497
purest,6498
torron,6499
sutri,6500
cusumano,6501
pescara,6502
bra,6503
aid,6504
mayb,6505
colorata,6506
agnes,6507
orient,6508
aprea,6509
unsuccess,6510
journey,6511
agriturismo,6512
spiritoso,6513
terri,6514
sakali,6515
eben,6516
stream,6517
alcohol,6518
cri,6519
eruzion,6520
volumnia,6521
waiter,6522
ibla,6523
local,6524
moena,6525
orecchiett,6526
ago,6527
bassa,6528
intoler,6529
metallifer,6530
salsa,6531
crisci,6532
enter,6533
orti,6534
besana,6535
trovato,6536
candiano,6537
chiesa,6538
suriano,6539
federico,6540
regina,6541
casamicciola,6542
forest,6543
menu,6544
ingredi,6545
fritter,6546
otherwis,6547
vinegar,6548
cagliari,6549
sticker,6550
sublim,6551
photo,6552
panzanella,6553
grillo,6554
pur,6555
stack,6556
asiago,6557
plane,6558
seta,6559
archaeolog,6560
cielo,6561
vegetal,6562
everyday,6563
royalhotel,6564
relationship,6565
encyclopaed,6566
asina,6567
bomba,6568
stapl,6569
warmer,6570
manoppello,6571
frisel,6572
stood,6573
fortun,6574
dream,6575
afraid,6576
5pm,6577
cesario,6578
rocket,6579
verdur,6580
gennaro,6581
cannavacciuolo,6582
donei,6583
dama,6584
crusco,6585
squar,6586
italo,6587
agnelli,6588
whenev,6589
polo,6590
universit,6591
anita,6592
faccani,6593
featur,6594
neapolitan,6595
skewer,6596
limit,6597
exuber,6598
siphon,6599
chateaubriand,6600
refug,6601
parent,6602
thing,6603
sound,6604
current,6605
dongi,6606
50ha,6607
sultano,6608
magnific,6609
mundo,6610
move,6611
terni,6612
daylight,6613
stagional,6614
station,6615
cuor,6616
giovanni,6617
colder,6618
petit,6619
ginetta,6620
lean,6621
vecchia,6622
told,6623
energet,6624
arianna,6625
guidara,6626
seriana,6627
ottagono,6628
support,6629
sculli,6630
croton,6631
born,6632
standard,6633
ceramist,6634
vinei,6635
wine,6636
leopard,6637
devot,6638
laurin,6639
pianist,6640
argentario,6641
barbaresco,6642
fast,6643
teatro,6644
serra,6645
coast,6646
paradis,6647
lunchtim,6648
breakfast,6649
overflow,6650
radiu,6651
2,6652
heartili,6653
villadorata,6654
feltrinelli,6655
host,6656
nettl,6657
scallop,6658
procida,6659
antich,6660
zazzara,6661
rebirth,6662
eighth,6663
una,6664
cuisin,6665
colour,6666
sambuca,6667
perfect,6668
someth,6669
porcini,6670
fritto,6671
agro,6672
wind,6673
overnight,6674
kaluga,6675
salvia,6676
rapini,6677
15,6678
crouton,6679
luganega,6680
wast,6681
biuso,6682
vial,6683
toni,6684
push,6685
bassi,6686
delight,6687
2016,6688
si,6689
appropri,6690
dress,6691
steal,6692
argentin,6693
chianti,6694
lake,6695
option,6696
form,6697
broaden,6698
aristocrat,6699
document,6700
golden,6701
tragara,6702
albaro,6703
vares,6704
ensur,6705
shone,6706
pull,6707
grow,6708
ponza,6709
nonno,6710
flag,6711
l,6712
immers,6713
parma,6714
classi,6715
sage,6716
date,6717
breath,6718
spain,6719
involtino,6720
exampl,6721
loin,6722
valazza,6723
merli,6724
thorough,6725
logo,6726
wife,6727
bespok,6728
carmagnola,6729
marzano,6730
borlotti,6731
arancini,6732
keyword,6733
base,6734
gnudi,6735
outdoor,6736
caldura,6737
3,6738
wrought,6739
cacciani,6740
issa,6741
sauna,6742
confus,6743
maiellabi,6744
expand,6745
duo,6746
alassio,6747
zen,6748
alfresco,6749
schito,6750
enorm,6751
pont,6752
gel,6753
iuliano,6754
hide,6755
microcosm,6756
cuttlefish,6757
agli,6758
partial,6759
state,6760
samboseto,6761
novara,6762
genoves,6763
ingles,6764
profession,6765
recycl,6766
lina,6767
couscou,6768
gr,6769
fischetti,6770
miteco,6771
gleam,6772
clich,6773
furor,6774
quintero,6775
zabaion,6776
pillar,6777
buratti,6778
deer,6779
addit,6780
five,6781
160,6782
nigiri,6783
relev,6784
strang,6785
cappon,6786
mantuan,6787
byzantin,6788
consult,6789
lacemak,6790
adler,6791
rimini,6792
branch,6793
pour,6794
expens,6795
newest,6796
yuzu,6797
herbier,6798
1927,6799
virginia,6800
citi,6801
hike,6802
key,6803
pallon,6804
spaciou,6805
perata,6806
persuad,6807
cinema,6808
taragna,6809
micro,6810
remark,6811
worri,6812
fatjon,6813
exclus,6814
peposo,6815
1958,6816
affido,6817
ravinetto,6818
expertli,6819
chalet,6820
yellow,6821
elabor,6822
perpetu,6823
enrico,6824
land,6825
piero,6826
american,6827
mia,6828
preserv,6829
vertigin,6830
reinterpret,6831
justic,6832
pastel,6833
palazzo,6834
nostr,6835
hundr,6836
cosi,6837
tegamaccio,6838
tarallo,6839
butcher,6840
holidaymak,6841
sail,6842
prezioso,6843
smoke,6844
giuliano,6845
marchesi,6846
icon,6847
santo,6848
maranello,6849
eleg,6850
lowland,6851
therapi,6852
guado,6853
alto,6854
genoa,6855
verit,6856
utmost,6857
twist,6858
everywher,6859
avoid,6860
angioino,6861
loro,6862
18th,6863
sorbir,6864
riccardo,6865
gaetano,6866
idyl,6867
pepenero,6868
mirko,6869
kidney,6870
sci,6871
crown,6872
succul,6873
habsburg,6874
ravioli,6875
testa,6876
smeralda,6877
alfio,6878
brunois,6879
marineria,6880
lombardo,6881
strictli,6882
seek,6883
belludia,6884
town,6885
cart,6886
room,6887
thread,6888
calandrino,6889
seclud,6890
piadin,6891
ega,6892
straordinario,6893
river,6894
orang,6895
1882,6896
zunica,6897
aomi,6898
astut,6899
wasabi,6900
rye,6901
synagogu,6902
cavallino,6903
bonus,6904
craparo,6905
amaron,6906
grual,6907
mislead,6908
mecca,6909
brisket,6910
sour,6911
cacio,6912
serendib,6913
tespi,6914
monk,6915
outing,6916
1947,6917
scuncilli,6918
vucciria,6919
poet,6920
innov,6921
est,6922
less,6923
quickli,6924
leav,6925
gilmozzi,6926
vegetariano,6927
fisheri,6928
rosehip,6929
culatello,6930
acquedotto,6931
stracchino,6932
damiano,6933
steve,6934
emigr,6935
trulli,6936
mint,6937
cantinon,6938
beverag,6939
carlofortinian,6940
machin,6941
nav,6942
mole,6943
maritozzo,6944
bark,6945
umbrella,6946
will,6947
foot,6948
homemad,6949
page,6950
shade,6951
fortif,6952
sopa,6953
curios,6954
display,6955
gia,6956
oval,6957
mazzaroni,6958
cucolo,6959
father,6960
liqueur,6961
gulf,6962
respit,6963
wrap,6964
kratter,6965
negra,6966
gastronom,6967
coton,6968
spaghetti,6969
amaranth,6970
kondo,6971
field,6972
robi,6973
scorzon,6974
desir,6975
eschew,6976
bore,6977
trota,6978
masaki,6979
kist,6980
piatto,6981
pea,6982
breweri,6983
prosperi,6984
pezzo,6985
miso,6986
fumag,6987
40,6988
adher,6989
inner,6990
iacobucci,6991
thirti,6992
energi,6993
rank,6994
honest,6995
cairo,6996
mausoleum,6997
balsam,6998
gradual,6999
maremma,7000
turbot,7001
asian,7002
vanlangenaek,7003
maratea,7004
zampognaro,7005
salomon,7006
fondoval,7007
meati,7008
capodifium,7009
liquoric,7010
cicetta,7011
maccaron,7012
coron,7013
daunt,7014
church,7015
clock,7016
techniqu,7017
romanesqu,7018
razor,7019
caluso,7020
rule,7021
garda,7022
fano,7023
basilica,7024
mainli,7025
tomato,7026
genuin,7027
zeno,7028
vite,7029
herculaneum,7030
trap,7031
nigro,7032
elsewher,7033
despit,7034
dot,7035
unpredict,7036
right,7037
film,7038
condiment,7039
treat,7040
30th,7041
munzillo,7042
brill,7043
episod,7044
1887,7045
nuzzo,7046
banner,7047
verg,7048
fontanafredda,7049
breadcrumb,7050
pontoon,7051
mont,7052
tistot,7053
pra,7054
backlit,7055
access,7056
st,7057
anonym,7058
zali,7059
appeal,7060
arnaldo,7061
repertoir,7062
hermitag,7063
structur,7064
sip,7065
nearbi,7066
ordinari,7067
cristian,7068
bristol,7069
gaspari,7070
british,7071
raft,7072
porticciolo,7073
salad,7074
championship,7075
nation,7076
teau,7077
snapper,7078
km,7079
teach,7080
commend,7081
keen,7082
sein,7083
barley,7084
elba,7085
pergin,7086
coniglio,7087
nascosto,7088
stool,7089
937m,7090
clam,7091
600,7092
contamin,7093
francon,7094
vicentina,7095
contigliano,7096
menoncin,7097
doria,7098
miki,7099
horsesho,7100
scarello,7101
agostino,7102
romagnola,7103
dei,7104
farra,7105
speck,7106
2018,7107
scaligero,7108
fruit,7109
bolliti,7110
7pm,7111
auster,7112
one,7113
ladl,7114
ripen,7115
contagi,7116
essenti,7117
caro,7118
shitak,7119
sergio,7120
egon,7121
ztl,7122
pepperi,7123
frigoriferi,7124
modern,7125
benedikto,7126
sbrisolona,7127
determin,7128
use,7129
cannara,7130
poultri,7131
lui,7132
refriger,7133
salina,7134
focu,7135
birthplac,7136
cookeri,7137
island,7138
uniqu,7139
smallest,7140
steel,7141
sondrio,7142
draw,7143
butterfli,7144
weekend,7145
hospit,7146
cort,7147
busi,7148
charleston,7149
porchetta,7150
consist,7151
fuoco,7152
offshor,7153
side,7154
aliv,7155
nikita,7156
schingaro,7157
card,7158
maccheroncini,7159
chronopoulo,7160
uliveto,7161
soy,7162
bronzo,7163
barchessa,7164
voce,7165
print,7166
caravaggio,7167
ora,7168
bologna,7169
2015,7170
sum,7171
cannaregio,7172
execut,7173
subdu,7174
esposito,7175
buchteln,7176
16c,7177
merano,7178
atturrata,7179
53,7180
dynam,7181
seemingli,7182
cinnamon,7183
amur,7184
trust,7185
parliament,7186
crespi,7187
enclos,7188
rememb,7189
leg,7190
gulfi,7191
french,7192
imagin,7193
fire,7194
crayfish,7195
grandma,7196
crew,7197
fir,7198
fourth,7199
endiv,7200
happi,7201
calandr,7202
prato,7203
moder,7204
bluh,7205
concern,7206
skill,7207
clad,7208
fishbon,7209
stray,7210
campanian,7211
reflect,7212
santi,7213
sibillini,7214
tortellino,7215
renown,7216
steam,7217
diminut,7218
punta,7219
nice,7220
visibilio,7221
globe,7222
particip,7223
throw,7224
30am,7225
arco,7226
centuri,7227
virgilio,7228
complic,7229
essenzial,7230
goat,7231
latin,7232
